t,ax,ay,az,gx,gy,gz
0.0022988319396972656,249,14544,-6538,19,-106,-51
0.01441502571105957,262,14547,-6510,34,-116,-63
0.026428699493408203,254,14523,-6553,35,-124,-69
0.03838467597961426,215,14505,-6599,-66,-123,-21
0.05032777786254883,153,14571,-6500,-218,-240,57
0.06228947639465332,146,14587,-6406,-185,-324,85
0.07424688339233398,61,14559,-6465,0,-188,-18
0.08620405197143555,41,14524,-6477,52,-137,-55
0.09814858436584473,57,14474,-6558,14,-246,-3
0.11005759239196777,286,14999,-5575,-2246,1417,-119
0.12200379371643066,364,15011,-5411,-2175,966,-84
0.1339564323425293,99,14440,-6564,-907,185,-393
0.1458897590637207,741,15971,-4130,-1659,-381,226
0.15782976150512695,-334,16962,-3228,-5229,5390,-3255
0.16974687576293945,-1357,14809,-2984,-12536,4292,-17617
0.18170452117919922,-3186,11254,-9206,-10191,7741,-12677
0.19365429878234863,-1397,10241,-13483,-7558,6077,8444
0.2055950164794922,4188,20064,-2735,-2838,9445,15597
0.21752262115478516,-3238,15340,-12064,6099,3583,-27588
0.2294750213623047,5037,17296,-7428,21311,-17639,32767
0.24143314361572266,12334,21460,-9511,24268,-9401,5474
0.25337958335876465,13131,25281,-9570,20599,4421,-3939
0.26531982421875,8845,28206,-10811,11136,18706,553
0.2772178649902344,3564,22631,-13212,3000,27109,-12204
0.2891530990600586,222,19126,-15303,-674,29317,-14207
0.30107736587524414,2289,22146,-14253,-6345,28910,-1595
0.31302475929260254,-1561,24189,-13505,-8373,32374,-5772
0.32497096061706543,-7752,25625,-14429,-13040,31977,1276
0.33692121505737305,-8591,22646,-11610,-20569,26221,-437
0.3488647937774658,-6980,12402,-10149,-26152,21247,204
0.36080098152160645,-4900,6009,-7753,-23779,12981,5814
0.37273669242858887,-841,7956,-6884,-20687,9322,8859
0.38466906547546387,2274,13282,-5139,-17669,8921,12819
0.3965742588043213,5504,20975,-4105,-16481,10506,16898
0.4085099697113037,6866,26976,-3318,-19549,14841,19741
0.4204418659210205,4623,24196,-2255,-31884,24920,16793
0.43238162994384766,628,17997,-3721,-32768,28007,15342
0.4443211555480957,-2737,10593,-5388,-32720,26933,12278
0.4562265872955322,-3226,6589,-5653,-32738,22677,10951
0.4681580066680908,-1629,6567,-2967,-31726,18211,12306
0.4800877571105957,867,6497,-799,-28195,15184,13650
0.49205613136291504,4451,15549,2001,-22191,14775,19484
0.503993034362793,5223,18897,2001,-23912,16144,19860
0.515904426574707,5436,18504,2756,-27096,18257,19824
0.5278327465057373,2622,15627,3196,-29080,20908,17677
0.5397720336914062,-1609,12360,4211,-29955,19698,14644
0.5517101287841797,2115,6986,5426,-29651,6707,7286
0.5636506080627441,5408,2560,6032,-28273,3987,1950
0.5755507946014404,7313,2053,7145,-24915,4279,2817
0.5874862670898438,6351,5070,8562,-21576,6533,6827
0.5994231700897217,4569,8795,10446,-19423,7487,10276
0.6113560199737549,6068,9482,9062,-21054,4997,6037
0.6232874393463135,6472,4371,9545,-21423,5219,3358
0.6351966857910156,5985,2424,9794,-18950,5444,4108
0.6471328735351562,6385,1644,10345,-15341,5063,3931
0.6590671539306641,5577,1737,11438,-11817,5334,6008
0.6709983348846436,4753,3748,12791,-8922,4316,6757
0.6829328536987305,8006,8497,11969,-7954,1053,2504
0.6948385238647461,8004,6788,12038,-8917,2677,79
0.7067692279815674,6622,5190,12437,-8778,4362,1119
0.7187602519989014,5575,4957,12150,-7534,4621,1803
0.7307050228118896,5366,4987,12289,-6083,3816,813
0.7427194118499756,4979,2904,12443,-2689,2600,-685
0.7546799182891846,3370,2128,12449,294,1604,2692
0.7666244506835938,2368,2094,12984,3517,-1343,4152
0.778552770614624,1658,2430,13166,6077,-5467,5839
0.7905373573303223,2768,1623,12151,8313,-10921,3046
0.8024749755859375,10313,1020,13036,14015,-15013,-1767
0.8143784999847412,11125,3764,13515,16291,-11189,963
0.8263204097747803,10892,5719,12914,17103,-7337,1070
0.8382422924041748,9854,6498,11180,17746,-3837,-1664
0.8502252101898193,7807,7228,9450,18001,-652,-1178
0.8621628284454346,5637,6730,9907,19520,151,-3285
0.8740625381469727,12269,7720,12459,22552,-1269,5818
0.8859977722167969,10370,1427,10642,21905,4175,-3726
0.8979289531707764,5466,2970,8994,24325,7522,3713
0.9098584651947021,2131,11738,7407,27794,5679,11503
0.921844482421875,-935,14866,5523,24567,-100,2787
0.9337916374206543,2364,13043,4607,16455,-17598,-3606
0.9457330703735352,4993,11281,2997,15657,-22737,-12545
0.957669734954834,7190,8989,2589,16935,-24333,-16770
0.9696071147918701,7290,11044,2321,18835,-23023,-8469
0.9815094470977783,6534,12652,1699,19559,-21977,-5789
0.9934430122375488,418,10372,328,20486,-20935,-6294
1.0053789615631104,-1358,10547,-876,22494,-26427,-1599
1.0173110961914062,829,13707,-2410,25460,-32768,3714
1.0293605327606201,4468,13931,-3917,27505,-32768,5813
1.0413637161254883,8352,15420,-3670,27868,-32656,15251
1.053309440612793,6711,20221,-6074,21707,-32768,12860
1.0652525424957275,9726,20240,-5768,16028,-32766,11988
1.077195405960083,12822,19665,-7056,11008,-32768,10637
1.0891385078430176,15356,20729,-7469,5336,-32768,10048
1.1010499000549316,15154,15265,-5202,-574,-31381,-7531
1.112990140914917,16210,12926,-7207,-359,-22660,2031
1.1249310970306396,5341,17372,-5102,9263,9142,-10920
1.136885404586792,-4004,12588,-4859,6778,465,-5039
1.1488170623779297,9515,9247,-4565,7748,-12958,-8640
1.1607413291931152,7509,10472,-5370,9577,-10280,456
1.1726961135864258,2313,11442,-5412,11254,-11228,9746
1.1846375465393066,5523,16476,-6545,11229,-21997,12719
1.1965837478637695,6062,18458,-7008,8476,-24249,12837
1.2085192203521729,8673,17676,-6419,3686,-27123,13139
1.220421314239502,12303,16480,-8642,-1172,-29202,9673
1.2324001789093018,16071,18010,-10240,-4741,-27374,3634
1.2443461418151855,20460,14304,-9403,-15588,-16990,1798
1.2562763690948486,21807,7722,-10638,-20904,-6328,-10183
1.2682180404663086,21083,2521,-8361,-9462,5882,985
1.2801079750061035,19500,5833,-9117,3154,17852,18065
1.2920787334442139,12679,18198,-11070,8618,29409,26310
1.3040385246276855,6289,26418,-11205,4663,32767,21009
1.315983533859253,9211,20735,-7974,-11037,23622,9710
1.3279063701629639,18390,16537,-7538,-14070,18819,12295
1.339876413345337,28798,18507,-6490,-13962,21863,20507
1.3518295288085938,27466,22102,-9560,-17246,32767,17523
1.3637676239013672,16847,20703,-13512,-24140,32767,2210
1.3757047653198242,305,6479,-11536,-28444,32753,-13627
1.3876419067382812,44,6232,-5669,-23623,32742,4106
1.3995466232299805,3943,12089,-3839,-17443,27511,14711
1.4114818572998047,12121,13473,-2115,-15734,18011,10588
1.4234111309051514,17027,10987,-783,-17033,19088,8429
1.4353508949279785,16119,15513,-132,-19399,30546,9538
1.44732666015625,15779,16383,1353,-22307,32767,8692
1.4592328071594238,16896,15452,-1847,-24403,32767,8059
1.4711666107177734,16471,14635,-1172,-26188,32720,9792
1.483100414276123,14820,13295,1524,-26961,32767,10302
1.4950602054595947,11943,11807,629,-27230,32767,10291
1.5069952011108398,3851,5253,4381,-30877,32767,6539
1.518911600112915,2723,2772,3662,-29457,32767,6067
1.530853033065796,4444,3278,6892,-26558,32767,10077
1.542795181274414,6720,6099,7659,-24018,32767,14789
1.554774284362793,5536,5501,6446,-25328,32767,14320
1.566702127456665,2975,529,10136,-23567,32767,8807
1.5785934925079346,2312,414,9530,-21853,32767,7199
1.590683937072754,2055,87,10033,-21434,32767,6517
1.6026313304901123,1618,-2255,10467,-22290,32767,3257
1.6145696640014648,52,-6134,7579,-19895,32767,-6238
1.6265032291412354,-1393,590,13587,-19472,32767,-4261
1.6384098529815674,-3231,-1931,10848,-20700,32752,-10173
1.650385856628418,-4333,-2391,8719,-20782,29530,-12699
1.6623444557189941,1790,-4674,12381,-19880,25439,-19161
1.674283742904663,2924,-4770,13084,-18576,31123,-16613
1.6862170696258545,-4598,-7188,13114,-18905,32767,-14763
1.6981174945831299,-3519,-9533,14907,-12030,26525,-4940
1.7100508213043213,-2246,-14113,11717,-7033,24013,-8901
1.7219812870025635,-863,-13602,9921,2049,26088,-4024
1.7339673042297363,-2448,-12406,10188,9437,30769,-646
1.7459568977355957,-8749,-9675,10750,15767,32767,2568
1.7578701972961426,-7795,-1353,11934,22021,21475,7289
1.7698519229888916,-4469,-1205,12152,22088,20952,4131
1.7817914485931396,-9391,-787,12023,21132,24669,1780
1.7937099933624268,-13818,-3510,11949,19901,22716,273
1.8056926727294922,-12416,-4855,11971,22604,17026,2265
1.8176002502441406,-6822,2003,9984,27482,12795,9960
1.8295395374298096,-8150,-763,10062,26260,14195,8393
1.8414771556854248,-9007,-4037,9029,28366,13899,9767
1.8534200191497803,-10764,-1310,8503,32489,12674,12889
1.8653559684753418,-13874,2366,8617,32767,9345,14507
1.8773269653320312,-9571,67,5864,32718,-978,15296
1.8892624378204346,-8923,3623,5265,32767,-2034,21169
1.9011945724487305,-9389,6879,6477,32758,-3600,30028
1.9131269454956055,-10173,10065,4886,32765,-6654,32767
1.9250602722167969,-8789,11479,5196,32767,-10297,32767
1.936964988708496,-11292,15212,5074,32767,-11014,32693
1.948899745941162,-11168,12849,1440,32767,-23399,32767
1.9608333110809326,-4663,13797,-1669,32767,-32545,30883
1.9727680683135986,4842,8272,-1695,32767,-32768,18870
1.9847221374511719,7659,9596,145,32767,-30311,14020
1.996628999710083,7656,17539,1081,32767,-22029,15405
2.0085625648498535,-3990,32767,-3240,32767,-4931,18805
2.0205562114715576,-14325,31910,-1833,31356,-9660,18666
2.0324952602386475,-15954,17799,230,21615,-25881,13963
2.0444395542144775,-4311,12556,-1334,22155,-32768,21549
2.0563440322875977,2359,18992,-3123,25052,-32768,32767
2.06828236579895,2130,15990,-2578,18079,-32768,30829
2.0803120136260986,128,14847,-4570,16832,-32768,28906
2.092250108718872,3204,13097,-4801,15899,-32764,24731
2.1041858196258545,4198,14776,-35,16774,-32768,26774
2.116088628768921,2940,22909,-3737,15775,-32768,32041
2.1280276775360107,1637,15891,-4789,7393,-32768,28956
2.1399662494659424,-77,21174,-4674,-1996,-32768,32767
2.151914358139038,876,18747,-7435,-9125,-32768,29799
2.1638665199279785,4706,15234,-11358,-13290,-32768,19581
2.1757631301879883,15119,14271,-9335,-14759,-32768,16752
2.1877012252807617,23566,13785,-6917,-16483,-32768,24498
2.1996665000915527,11358,18547,-5411,-13448,-7325,13819
2.2116098403930664,5605,17311,-4525,-16129,-3249,6648
2.2235424518585205,4091,14476,-2771,-17586,-5669,5089
2.2354846000671387,3561,13187,-2083,-16529,-8613,7109
2.2474241256713867,5882,13282,-891,-13653,-12466,7043
2.259366989135742,9144,17981,-375,-11863,-9806,10645
2.271296977996826,8918,16767,-1175,-14552,-6996,7837
2.283201217651367,7334,15246,-2037,-16447,-4194,6681
2.295130729675293,6673,15775,-2478,-17100,-4067,6833
2.3070647716522217,7145,14854,-2915,-17351,-5780,4165
2.318983316421509,7671,14132,-3772,-17178,-6859,4470
2.3309245109558105,10331,14497,-2641,-15236,-6781,5414
2.3428282737731934,9508,14889,-2918,-15319,-4108,6245
2.354764938354492,7863,14537,-2153,-15749,-2712,7600
2.36667799949646,8891,15505,-2205,-14991,-4495,9917
2.3786070346832275,13170,14245,-1928,-13906,-6519,8883
2.390618324279785,22111,24580,3885,-13891,3093,19255
2.402585029602051,22859,23012,-226,-22081,18234,9116
2.414524555206299,10178,14340,-3962,-27008,30599,-2158
2.4264578819274902,6680,15759,-607,-25893,27665,2950
2.438399076461792,8323,19415,-285,-27231,24747,4509
2.4503324031829834,11687,16509,-228,-32768,20465,-5166
2.462239980697632,14516,16115,-598,-32768,22188,-7590
2.474174976348877,12544,15523,-1410,-32726,26907,-11443
2.4861087799072266,7930,15209,-1570,-32767,28211,-12923
2.4980714321136475,11890,16337,-1736,-32768,23864,-9868
2.5100796222686768,18202,17992,-1988,-32767,26753,-5611
2.521987199783325,12615,9469,-3493,-32768,32767,-5078
2.5339248180389404,4206,6823,-303,-32768,32645,365
2.545844078063965,405,13649,4535,-31574,32767,11309
2.5577805042266846,-162,14048,2932,-31785,32767,19008
2.5697154998779297,2117,6919,3487,-32768,32766,17020
2.581618547439575,4498,5003,556,-31285,32767,18379
2.593550205230713,7707,1474,2267,-30479,32767,13628
2.6054627895355225,9425,4835,4173,-26118,32767,18990
2.6174352169036865,1794,6892,4850,-25009,32767,20967
2.6293723583221436,-6622,2169,7863,-26532,32767,14683
2.6412768363952637,-11390,4736,5331,-11752,32767,7665
2.6532142162323,-2662,8535,3323,-12765,32767,4427
2.6652019023895264,-8659,1337,6273,-17206,32767,-3260
2.677175521850586,-21301,-1483,4052,-18081,32767,-3531
2.6890921592712402,-19225,-5841,4941,-19813,32767,-6483
2.7010581493377686,-23449,-10266,2305,-18767,32767,-16017
2.713013172149658,1845,-15600,16863,-3728,13669,-9440
2.7249786853790283,-2406,-3374,10065,4512,27630,3183
2.7369635105133057,-22113,-509,7830,4538,32767,3508
2.74894642829895,-16497,-2231,12198,965,22534,7363
2.760863780975342,-9497,-9972,1391,3821,23396,1143
2.7728002071380615,-19936,1681,6473,16338,21798,16540
2.7847394943237305,-12129,-176,7320,14815,14490,17481
2.7966601848602295,-14754,-624,5755,16218,18114,19457
2.808598041534424,-22713,165,5710,18540,16430,25226
2.8205480575561523,-20837,-366,6023,21153,5594,29467
2.83254075050354,-16644,-470,4962,29616,-8142,32767
2.8445160388946533,-11811,3386,3836,32767,-13370,32713
2.856456756591797,-12075,5986,3496,32767,-16823,32761
2.8683931827545166,-8612,8646,3381,32706,-22870,32767
2.880309820175171,-2839,11446,3641,32767,-26286,32767
2.8922533988952637,968,12902,2600,32763,-20962,32767
2.9041926860809326,-2543,15713,2450,32767,-18439,32767
2.9161312580108643,-3367,15712,3413,32767,-19290,32767
2.9280924797058105,-4018,14133,800,32767,-21039,32767
2.9400033950805664,1884,9611,-489,32767,-25789,32767
2.9519405364990234,-757,10097,-690,32767,-23358,32767
2.963873863220215,-8049,10446,1678,32767,-32768,32753
2.9758059978485107,-7290,27798,2062,32767,-32768,32767
2.9877355098724365,-3985,21449,-5236,32767,-32620,32767
2.999636173248291,9449,8939,-16479,32767,-32768,32767
3.011568784713745,5486,14590,-17418,27537,-32768,32767
3.0234932899475098,5727,16149,-8292,-3234,-32768,31418
3.035449981689453,30657,8924,-5859,11537,-32768,14176
3.0473716259002686,25275,22345,-846,20376,-32768,12143
3.0592870712280273,5411,20795,-2150,15942,-31307,-634
3.071232318878174,1043,16180,-3525,16837,-32180,-2170
3.083176612854004,4233,20961,-10025,13304,-32764,3744
3.0951039791107178,9625,15756,-14412,8777,-32751,1464
3.107036828994751,10976,15710,-11643,6952,-32768,7028
3.11892032623291,11014,17853,-9200,5170,-31213,12168
3.1308653354644775,13633,20066,-7768,1751,-21319,10360
3.1428065299987793,8270,18971,-6130,-4553,-7422,5672
3.154743194580078,-3603,16324,-3514,-16184,-3779,2234
3.166701316833496,-3740,15817,-2681,-22076,-10522,5115
3.1786022186279297,-1045,14554,-3814,-27243,-16106,6971
3.1906027793884277,1089,14452,-3772,-30540,-17850,7619
3.202542304992676,2928,13777,-5142,-32768,-16188,12055
3.2144792079925537,1964,15334,-8449,-30608,-7143,18087
3.2264063358306885,-1158,15824,-8262,-28811,-6678,21354
3.2383902072906494,1547,16570,-6025,-24846,-13002,22568
3.250325918197632,7762,17568,-3011,-20903,-16710,21001
3.262265920639038,11206,17613,-943,-19661,-12230,22344
3.2741923332214355,7300,18812,-1767,-17767,1268,15724
3.2861225605010986,4793,16963,-2497,-20111,4510,12574
3.2980098724365234,1299,13256,-3192,-21378,5192,10084
3.3099496364593506,-646,12562,-5909,-19308,879,8911
3.3218753337860107,3206,12845,-6692,-16597,-5969,7628
3.3338069915771484,8740,15361,-6312,-14530,-7621,6521
3.3457462787628174,12272,17512,-2962,-15709,2304,1111
3.357635259628296,12868,18703,-1741,-17037,7903,803
3.3695626258850098,10033,18306,-4041,-18754,13939,-2452
3.3815062046051025,14358,23485,6525,-24091,16740,3617
3.393446445465088,22736,21460,2886,-32768,28583,7728
3.405383348464966,4856,17958,-3788,-30599,32706,15471
3.417280673980713,2762,16840,-1871,-31189,32645,3575
3.429222583770752,3604,9637,-1609,-30750,32651,3090
3.441187858581543,5330,15160,102,-25376,29392,9192
3.453124761581421,5639,15262,2251,-25427,25066,3309
3.465059757232666,7506,16279,5071,-24388,18843,8730
3.4769628047943115,8995,16249,4522,-25282,16647,4056
3.4888947010040283,9710,13636,6098,-26886,16894,767
3.5008773803710938,9841,11581,6848,-27423,18810,2564
3.5128393173217773,9610,12373,6606,-26854,21199,4803
3.5247724056243896,8136,13648,7062,-26980,23012,6375
3.536713123321533,15427,10233,10111,-27353,20868,7324
3.5486955642700195,17708,15714,8447,-23849,27732,12372
3.5606398582458496,17145,21535,8508,-26063,32767,20781
3.5725796222686768,9706,12642,7488,-32768,32767,10031
3.5844881534576416,-348,10244,767,-32768,32651,12679
3.596475601196289,10122,12990,5380,-32755,32767,10687
3.608403205871582,17333,8990,7051,-32768,32765,9095
3.620328187942505,7109,8383,5464,-32766,32767,12739
3.632270097732544,-4773,7239,3655,-32767,32767,15195
3.6441774368286133,-6304,6665,3228,-32768,32767,15216
3.656132221221924,399,854,6227,-32768,32767,9488
3.6680684089660645,-6172,-3627,4231,-32768,32767,8477
3.680004596710205,-16293,-5525,4406,-31496,32767,8634
3.6919362545013428,-19427,-5113,8597,-27927,31706,7235
3.7038381099700928,-10524,769,12116,-26044,23648,5945
3.715797185897827,-6846,1024,10141,-28958,23628,2274
3.7277519702911377,-10158,-5712,6541,-26370,24449,1661
3.7397501468658447,-15559,-5530,8055,-23120,23172,3769
3.7517356872558594,-20214,-5546,10057,-21659,17831,1977
3.7637336254119873,-19889,-6433,9773,-21207,8169,-2074
3.7756690979003906,-10906,-7969,9397,-21212,-48,-2137
3.787606954574585,-22060,-9680,8279,-13938,3891,4445
3.799525022506714,-27466,-12087,11236,-9876,-8068,3928
3.811461925506592,-26104,-5725,10527,-4329,-23636,5369
3.823366165161133,-13933,-3886,11826,-2901,-32768,-170
3.835306167602539,-15235,-8476,13131,-1893,-32768,1501
3.8472442626953125,-8721,-7315,13155,8022,-32768,5796
3.8591816425323486,-4936,-8280,14547,11700,-32768,11151
3.8711495399475098,-10245,-8821,14016,14021,-32764,16035
3.8830580711364746,-13079,-11119,13846,16139,-32768,14462
3.8949995040893555,-9921,-13533,13999,21122,-32768,9433
3.9069347381591797,-1973,-2483,10036,32767,-32768,4942
3.918869733810425,12410,1967,13672,32767,-32768,-1745
3.930807590484619,15146,3943,16662,30129,-31809,7398
3.9427096843719482,3053,-1423,12750,23501,-22694,14552
3.9546425342559814,-13435,-7624,14028,23401,-20174,18157
3.9665749073028564,-5149,-1962,11808,28731,-32768,10370
3.978534460067749,9982,1790,15919,19347,-31275,7597
3.9904732704162598,-4733,2993,12573,11032,-28399,11707
4.002380132675171,-1907,-3231,22203,8038,-32737,-1016
4.014311075210571,2052,-520,13369,15246,-32768,-7011
4.0262346267700195,2657,10848,12137,14247,-32689,-3906
4.038170337677002,6217,203,12425,8582,-32768,-11608
4.050090789794922,4617,970,9681,8765,-32767,-8148
4.061996698379517,7810,1101,12156,8549,-32768,-8942
4.073931932449341,10068,-2617,8816,11073,-32768,-17337
4.0859055519104,14635,-1137,7774,18736,-32768,-17479
4.097840785980225,13956,1904,7909,20013,-32768,-13557
4.1097753047943115,21524,3877,7564,23680,-32768,-11764
4.121709585189819,21428,6295,10330,19887,-27968,761
4.133629322052002,10548,4953,10456,13914,-17591,6313
4.14557147026062,8280,2291,7604,11367,-21318,1330
4.157505035400391,11598,-2682,7311,13413,-26801,-8119
4.169456243515015,7527,2728,4430,24165,-28575,-7995
4.181411981582642,8410,6058,3055,24741,-31972,-9583
4.193374156951904,8119,7841,1946,23124,-32768,-11534
4.20531702041626,11055,10214,-691,20526,-32768,-11974
4.217245578765869,13656,5851,-3645,18255,-32364,-14230
4.229150056838989,4502,5531,-3004,23720,-28104,-10568
4.241097450256348,7323,9587,-2870,23576,-32768,-12093
4.253036975860596,11582,9086,-3212,19671,-32768,-15074
4.2649757862091064,10972,10053,-3820,15433,-31485,-13384
4.276904106140137,9704,11728,-5258,10111,-28687,-12512
4.288801670074463,7256,11053,-6156,736,-26026,-14691
4.300759792327881,7657,9291,-8652,-3114,-25951,-15961
4.312696933746338,4964,7955,-12300,-258,-26204,-18720
4.32462739944458,7814,12433,-11836,4390,-28692,-16177
4.336568117141724,10290,14070,-12593,5184,-26978,-14592
4.348473787307739,9322,16652,-11454,4185,-23034,-8049
4.360449314117432,13749,16386,-9763,-673,-19518,-8481
4.372392892837524,15199,15088,-8984,-1493,-12192,-8457
4.3843371868133545,9730,13574,-9321,-3508,-2359,-5023
4.3962562084198,3361,14467,-9686,-4988,-108,-3577
4.408219814300537,2275,14212,-9168,-6158,-6056,-6659
4.4201624393463135,9231,18075,-8249,-7122,-15360,-10051
4.4321043491363525,13333,18455,-8264,-9647,-14279,-9963
4.444045066833496,12990,18187,-8034,-12756,-6362,-7463
4.455971717834473,9791,18163,-8323,-15296,1035,-6943
4.467869997024536,8753,18229,-7683,-17204,4283,-4456
4.4798362255096436,6158,16959,-10675,-19942,3778,-6251
4.491795063018799,12544,13349,-17743,-19336,1582,-4594
4.50377082824707,15439,15341,-13556,-16878,5851,280
4.5157599449157715,17066,17809,-9027,-15758,18764,5921
4.527665615081787,15376,18005,24,-19423,32767,7143
4.539606809616089,10588,14964,-5576,-24890,32767,15259
4.551548957824707,5003,19431,-212,-21891,32757,19827
4.563482999801636,14073,21371,1279,-24075,32767,18136
4.57541823387146,9234,25557,582,-26141,32763,-5992
4.587317228317261,3105,12383,-3965,-32108,25771,-32768
4.599252700805664,13596,9576,1280,-29146,17088,-21495
4.611185789108276,12269,3320,-1825,-22415,32767,1140
4.623150825500488,8905,10693,-2313,-8662,32767,26317
4.635087013244629,7429,20184,489,-4052,32483,25337
4.646970987319946,6473,19999,-1754,-7229,26358,-3712
4.658907890319824,10041,17053,-997,-13049,14843,-14540
4.670843839645386,13480,11217,3781,-16089,13763,-13898
4.682775020599365,12396,13898,2586,-8687,18687,-13267
4.694707632064819,9687,18350,1023,-6209,22291,-13664
4.706610441207886,5929,19675,336,-10115,21875,-14671
4.718539237976074,7170,14385,1072,-15657,17295,-14759
4.73051381111145,7343,16061,1677,-16261,15074,-7790
4.742516994476318,15773,20905,1174,-25272,18599,-960
4.754500865936279,12486,18769,994,-31270,27879,-1112
4.766414403915405,8126,17761,-424,-32768,32199,-199
4.778342962265015,9359,18225,-282,-32753,32153,2320
4.7903151512146,7895,12733,436,-32725,32767,971
4.802250146865845,1794,6830,1789,-32768,32755,-2571
4.814181327819824,646,8007,3219,-32767,32767,2129
4.826083183288574,1363,7388,3633,-32768,32767,1314
4.838017702102661,2200,4756,2927,-32768,32767,2922
4.849933624267578,4052,1996,3319,-32768,32767,5247
4.861867904663086,-199,3461,3194,-29325,32767,2145
4.8737993240356445,-1363,3441,4223,-27371,32767,-1368
4.885701656341553,-5382,5406,5184,-26349,32767,-2470
4.897626638412476,-6451,5620,7419,-26931,32767,-6780
4.909553527832031,-11689,4562,5315,-28405,32767,-9649
4.9214959144592285,-18205,-3176,5975,-30812,32767,-10643
4.933436870574951,-16589,-3696,8671,-20949,32081,-4424
4.945324420928955,-15669,-8903,9182,-19027,26508,-6353
4.957258224487305,-13650,-11771,9435,-12495,21366,-6824
4.969190359115601,-17680,-11425,8183,-6538,18632,796
4.981121301651001,-16905,-6817,11358,438,11285,8476
4.993048191070557,-21783,-3324,14340,8448,7834,1216
5.004948139190674,-26377,-249,10530,6789,-770,1613
5.0169548988342285,-12135,-5031,13149,4260,-13913,-1483
5.029118776321411,-5077,-9828,13096,9497,-9012,1583
5.041399955749512,-13818,-4651,9373,15777,542,6160
5.0534608364105225,-11241,-8418,13054,17147,-14457,-1787
5.065410852432251,-7901,-7367,7122,26114,-13906,-461
5.077350378036499,-7104,-1802,7872,30289,-9721,-2305
5.0892744064331055,-6892,3181,12286,32431,-5900,485
5.1012187004089355,-8757,8440,12140,30399,-2290,5717
5.113122940063477,-12078,7871,12144,18417,-2957,-224
5.125056743621826,-12715,8856,12055,13741,-6118,-2855
5.136988878250122,-19070,4126,11836,9311,-10735,-7221
5.14893102645874,-15765,-6,11474,9719,-22501,-7856
5.160882472991943,-5664,3610,16935,13437,-28472,-6746
5.172797679901123,-3631,12644,16974,12902,-22561,-4206
5.184743881225586,-14573,10950,14003,-4421,-1695,32767
5.196683883666992,-29745,2279,13103,-15295,-13198,23374
5.208619117736816,-8090,-17250,9077,-6545,-32768,-14332
5.220608472824097,5185,-24093,10653,21033,-32768,-8017
5.232518434524536,-1413,-6067,11833,32767,-20731,29519
5.244467258453369,2452,17442,12723,32474,-27187,31336
5.256408452987671,2461,5732,14661,32767,-20859,31782
5.268343448638916,-8547,-4117,11418,32767,-16742,32090
5.2803120613098145,-7085,6749,6220,32761,-27761,32767
5.292220115661621,5559,16333,6970,32767,-32768,32466
5.304155349731445,3623,28293,7311,32767,-20850,32767
5.316086530685425,5476,24729,10235,27595,-21160,31918
5.328016042709351,1198,10174,12727,20886,-17871,29021
5.339953660964966,-7723,5695,12133,26480,-21473,30485
5.351860046386719,-7318,6704,8382,32628,-32710,28008
5.363790512084961,12468,19251,8684,27257,-32582,18047
5.375777721405029,7219,9776,8772,19553,-32744,10405
5.3877153396606445,5510,3657,4638,19227,-32768,10985
5.399649381637573,6877,9668,535,22864,-32765,13232
5.411544561386108,6169,7573,-364,22294,-32767,7602
5.423456907272339,9913,5274,-2567,24574,-32768,5756
5.435399293899536,11942,19884,1099,29965,-31274,13161
5.447338342666626,7923,18330,205,20922,-28327,12668
5.459271192550659,-2773,16267,-2609,9868,-29126,10718
5.471172571182251,2797,3070,-5498,3262,-32768,17
5.483102083206177,12648,-531,-4872,9738,-32768,2073
5.495056390762329,7262,18909,-4820,13957,-32768,12889
5.507018089294434,8711,17613,-5637,1722,-32768,6575
5.518942594528198,11018,9639,-6866,-7257,-32404,890
5.530848503112793,10517,8319,-7327,-8888,-26463,5253
5.542788982391357,5380,11585,-7158,-9062,-18612,8723
5.554725885391235,4786,12400,-7705,-17323,-22563,2741
5.566659688949585,7037,8607,-8692,-17029,-23260,-1764
5.578592777252197,5024,7647,-8618,-13500,-19372,445
5.590542554855347,1557,9640,-9224,-9868,-16729,1361
5.602478265762329,2261,12464,-9209,-9842,-18381,-2693
5.614412069320679,5894,11508,-8155,-12047,-18881,-8057
5.62634539604187,1505,11029,-7620,-16467,-10000,-7974
5.638281345367432,5531,13665,-7755,-16778,-10700,-4093
5.650245666503906,13149,10165,-5572,-18089,-3973,-6417
5.6621856689453125,9653,12316,-3614,-12010,9224,-16073
5.674119234085083,4752,14848,-4318,-7231,15102,7
5.686047792434692,10840,8120,-6638,4765,16032,-18979
5.697981595993042,13125,7490,-6871,14029,25901,-9181
5.709885120391846,10595,10405,-8686,21117,32767,5411
5.7218146324157715,5238,11639,-10079,27742,32767,5344
5.734297513961792,585,14312,-11909,32767,32611,-4498
5.7462944984436035,-6470,17566,-10958,32674,26648,-7781
5.758248329162598,-3942,23687,-11218,32667,12261,-1003
5.770242214202881,1509,29032,-8551,27472,-579,-9207
5.78217887878418,5132,28682,-7226,15036,-8006,-17459
5.794116497039795,7141,24495,-8691,4145,-10741,-18684
5.806048631668091,8039,15610,-8658,-801,-5525,-19707
5.817952394485474,6264,16821,-8694,2297,-2503,-18862
5.829883098602295,5180,19075,-9262,2954,-566,-19092
5.84184455871582,4343,17204,-10869,650,484,-26742
5.853785753250122,3602,13193,-11421,-1598,734,-32240
5.865722179412842,2968,10826,-11780,-2162,266,-28715
5.877628564834595,3267,13368,-11052,1221,-2015,-16219
5.889564752578735,6732,17367,-10851,-1045,-2367,-5580
5.901504039764404,8232,15496,-8756,-5336,2518,-13615
5.913441181182861,2374,11687,-6175,-6118,10232,-15339
5.925386190414429,-4779,10017,-9276,-920,13205,-7958
5.937309741973877,-12135,25453,-7119,-1659,-2510,-4432
5.9492926597595215,-1553,22512,-6816,-7966,-17805,-20973
5.961236953735352,8764,19428,-5873,-10601,-17552,-21080
5.97317361831665,7401,21424,-6910,-11014,-2300,-16670
5.985076904296875,-1404,24606,-9123,-17099,8940,-14819
5.9970173835754395,-2565,18386,-10920,-28082,-4939,-11046
6.008952856063843,4690,11830,-9051,-28474,-8204,-11251
6.02087926864624,4191,12501,-9093,-23639,-296,-13574
6.032809257507324,486,22861,-10308,-21916,5799,-7098
6.04471755027771,-1356,25375,-10557,-25715,4672,-6241
6.056692600250244,1437,25130,-8181,-30471,1933,-5378
6.068626642227173,-1304,22405,-7745,-32768,7229,-11564
6.080672264099121,-3076,29266,-9680,-32717,7475,-10941
6.092610120773315,-2783,24119,-8094,-32768,4092,-18823
6.104512929916382,-2267,15474,-7229,-32768,1780,-17800
6.116442680358887,194,18673,-8981,-32767,1623,-7607
6.128372669219971,4701,25465,-9354,-32768,5967,-5786
6.140304803848267,15,13143,-2149,-32768,8510,-8619
6.152230501174927,-5575,-329,7266,-32768,3191,-8782
6.164150953292847,-6431,7962,6088,-32768,-7257,4103
6.176079750061035,-5631,19501,1083,-32768,-13766,3898
6.188024282455444,-10912,12663,-3714,-32768,-21207,-9449
6.199960231781006,-7257,17447,-5170,-32768,-23572,6166
6.211894989013672,-984,14010,-2963,-32768,-22413,-2729
6.2238054275512695,-2426,2175,65,-32768,-13860,-10930
6.235747814178467,-5807,-2681,4342,-32768,-11305,-9387
6.247687339782715,-1159,2986,5063,-31392,-16041,896
6.2596435546875,6369,5488,9719,-29274,-7422,5332
6.271573066711426,2108,5560,10888,-29093,3931,10634
6.283533573150635,-3280,7467,9539,-30058,10562,14530
6.295444965362549,-5767,8165,9393,-32468,11254,17480
6.307382345199585,-4816,5519,9316,-32768,9562,18059
6.319296360015869,-5612,-297,9174,-32756,11194,22968
6.331233978271484,-13318,1623,15360,-32768,9498,26580
6.343172073364258,-15674,-2193,12224,-32768,-4533,19505
6.35511326789856,20071,11044,9262,-32419,-25917,19125
6.36706805229187,26642,12521,14648,-32726,16783,30505
6.379000186920166,-24403,2474,3454,-32763,32523,32767
6.390906095504761,-21383,-1378,3321,-32766,31735,31508
6.402839660644531,-14739,-11354,3320,-32768,21658,21497
6.414774179458618,-3921,-10027,9417,-32768,9677,22095
6.426698207855225,2518,5929,11416,-32768,17237,32565
6.438636302947998,-1810,11893,8055,-32768,31627,29153
6.450587272644043,-23970,-13507,2065,-32768,32198,10223
6.462521553039551,-26791,-18652,2115,-32768,22924,14809
6.474647521972656,-21391,-17476,3985,-32768,6665,14995
6.486925363540649,-12135,-14104,8420,-32768,-4888,8518
6.499167442321777,-3969,-7277,9931,-32768,3166,10081
6.511228322982788,-11200,-5288,6619,-32374,13682,9515
6.523166179656982,-17653,-10977,3182,-28120,16013,3512
6.535094976425171,-18214,-16879,2147,-21322,8644,-4145
6.547020196914673,-17057,-17025,2898,-12950,2796,-179
6.55893349647522,-15356,-13718,4959,-5763,-1440,1891
6.570901870727539,-12186,-7526,3532,-4258,-2608,-688
6.582836866378784,-17061,-10833,2684,-9654,-1137,1110
6.5947699546813965,-18535,-11695,2106,-12187,-7573,8539
6.6067047119140625,-16257,-10270,4224,-15349,-16422,11122
6.618612766265869,-13380,-12371,6832,-18886,-22064,9387
6.630597352981567,-16192,-20962,2562,-13970,-20347,9291
6.642540454864502,-17611,-18144,4918,-8760,-23733,15360
6.654486656188965,-16523,-14694,6147,-8030,-29239,15279
6.6664159297943115,-15550,-17052,5101,-10682,-32624,10529
6.678392648696899,-14886,-22057,5330,-9917,-32768,7303
6.690314292907715,-11008,-16993,6618,7526,-32759,4944
6.702253580093384,-11635,-14998,5775,12399,-32768,-1895
6.714193105697632,-10941,-11360,7223,12939,-32768,-1876
6.726122856140137,-10921,-14419,6988,9605,-32768,-5909
6.7381486892700195,-9427,-16963,8038,9613,-32768,-6493
6.750161647796631,-6880,-15209,7776,10354,-32768,-6559
6.762110948562622,-3873,-25458,7560,13298,-32679,-9214
6.7740418910980225,-2838,-26855,9403,25348,-27560,7434
6.78594970703125,-6212,-17413,7678,32767,-19395,24299
6.797865390777588,-9161,-8323,10200,32767,-19379,25434
6.809798002243042,-12924,-2143,11236,26608,-25928,14105
6.821734189987183,-1756,-14442,1893,17705,-32768,-26659
6.8336687088012695,5191,-13411,8767,28847,-32646,-21774
6.845608472824097,675,-14703,8675,32767,-31317,-2897
6.857547283172607,-5373,-17090,6636,32767,-26888,10127
6.86948037147522,-7719,-16354,3466,32666,-27398,7977
6.881434917449951,-6167,-22445,-865,32767,-32768,8381
6.893340826034546,-2488,-11625,-324,32765,-32768,31496
6.905277490615845,12008,22832,3438,32767,-32733,31845
6.91720724105835,21508,32767,12383,32767,-32403,10278
6.92913556098938,7170,17292,10113,28387,-29582,6135
6.941073894500732,2470,10728,4937,23873,-32552,14108
6.952988147735596,10440,-6132,1635,15063,-32716,-808
6.965037822723389,10915,-15392,-1282,18359,-30226,9843
6.977063417434692,-4670,-16011,-4417,25866,-18419,21481
6.98903226852417,-6963,-3944,-6943,32767,-21117,9981
7.000986099243164,4353,1494,1948,32767,-31631,-19979
7.012902021408081,28736,28537,-9693,32762,-32638,22479
7.024842023849487,26502,32767,-3605,32376,-32721,32767
7.03678822517395,25759,26749,-513,13882,-32768,24007
7.048753976821899,20627,10731,2157,-12014,-30723,222
7.060698509216309,4185,286,3773,-12496,-14942,-16630
7.072610378265381,-13453,11824,-6199,14355,-21883,-28684
7.084554672241211,-5680,13785,-9992,21241,-32768,-32768
7.096537828445435,8211,16746,-8484,25323,-32768,-32768
7.108477592468262,16211,16828,-5105,23284,-32526,-32666
7.120411396026611,24018,24166,-10889,22386,-32768,-29531
7.132314443588257,32767,30799,-8627,7392,-32198,-32528
7.144256114959717,29480,27429,-1490,-626,-19214,-26292
7.156245708465576,17641,21090,1763,-8178,-2273,-31227
7.168198823928833,8818,16064,1490,-12408,952,-32768
7.1801581382751465,9967,10253,1972,-10350,-7554,-30912
7.192084074020386,10072,13209,-1566,-2120,-7262,-25824
7.204045534133911,1808,15274,-8192,1368,-5685,-30138
7.21598219871521,4324,17012,-6879,1526,-8181,-32663
7.227914810180664,2309,11447,-3491,1811,-7738,-32768
7.239834785461426,1025,15023,-3164,6196,-12379,-31474
7.251754522323608,2413,22797,-2476,7237,-17152,-29243
7.2636988162994385,2731,24498,1481,2032,-14850,-30422
7.275624990463257,-3612,23886,461,-1678,-11504,-30118
7.287555456161499,-3481,22693,-164,-4516,-14212,-27726
7.299472332000732,132,23640,-1258,-6677,-16034,-23181
7.3114495277404785,447,23160,-6475,-8389,-16563,-22033
7.3233866691589355,-909,22677,-5743,-16643,-17077,-13785
7.335320234298706,4,19410,-7124,-19259,-18964,-10728
7.347259759902954,18490,17390,-10811,-20841,-18981,-4112
7.359196424484253,-6499,4412,-14952,-19262,-1211,7675
7.371100425720215,-8397,18742,-2391,-9491,-15632,3179
7.383033752441406,4929,25009,1252,-11161,-18918,-3105
7.394971132278442,2900,17814,-5373,-23710,-20230,-8285
7.406905651092529,6821,17172,-3494,-20340,-17205,-7706
7.418869733810425,1842,15959,-4641,-15123,-8509,-11786
7.430788278579712,-2937,19624,-4147,-11215,-6440,-12771
7.442716121673584,-3266,19159,-3534,-13185,-11009,-13131
7.454670190811157,3789,19638,-2680,-11813,-13571,-13234
7.46660041809082,-1443,19360,-2073,-12544,-7625,-14546
7.4785425662994385,-1716,17256,-3186,-13394,-10296,-11268
7.4904491901397705,-1627,17704,-3586,-13054,-10910,-9492
7.502424478530884,-4450,15986,-3058,-13830,-9643,-12293
7.5143938064575195,-5835,18357,-1375,-12152,-12614,-18156
7.5263566970825195,-6511,19041,1346,-13850,-13729,-14339
7.538305282592773,-7788,20154,1814,-15343,-16261,-11012
7.550234079360962,-6266,19692,1382,-16856,-19111,-11021
7.562175035476685,-4851,18622,1177,-18599,-18330,-13623
7.574105262756348,-10122,15810,44,-20218,-14987,-16822
7.5860435962677,-11403,13191,-993,-18099,-26142,-20347
7.597959280014038,-9956,10573,356,-17999,-31214,-17417
7.6098692417144775,-7605,8332,856,-14611,-32768,-13750
7.621803045272827,-4824,12153,454,-11926,-32768,-8628
7.63377046585083,-4497,11484,717,-14335,-32728,-5405
7.645709753036499,-4993,6724,2604,-11215,-32768,-9754
7.6576550006866455,-4706,6630,2342,-10067,-32767,-7508
7.66956639289856,-3526,4664,3240,-8303,-32768,-13443
7.681491374969482,-2997,2606,4260,-4696,-32716,-18821
7.693427562713623,-708,1735,5978,-1139,-32674,-20242
7.705344915390015,-512,5141,9110,6191,-26244,-11284
7.7172768115997314,-1950,8654,9046,7560,-24909,-5905
7.7291786670684814,-439,11023,8601,6264,-25913,-3717
7.741215229034424,-484,11293,7797,4999,-25934,-3973
7.75323224067688,-793,11992,7035,4477,-26415,-2832
7.76517915725708,2628,10091,6083,2580,-28812,119
7.777109146118164,4686,11885,6417,3156,-26477,7649
7.789012908935547,4561,12078,7446,1835,-22617,9455
7.800948619842529,5694,12037,8095,229,-19916,11828
7.812885284423828,4861,12632,7676,-2186,-17089,16957
7.824822187423706,6164,13757,7177,-4112,-15507,19297
7.836800575256348,7376,16799,4867,-11208,-9391,29457
7.848764657974243,5870,13474,3396,-16675,-5208,32767
7.860704183578491,7341,11796,3306,-20080,-2143,32767
7.872636795043945,9495,14919,4850,-24329,1395,32707
7.884570837020874,9627,10503,7205,-30603,8810,32767
7.896500587463379,1903,370,9419,-32735,13233,32767
7.908400297164917,8106,2691,12531,-31213,5977,32767
7.9203269481658936,14916,6101,13593,-31151,3409,32767
7.932260274887085,18329,7797,13675,-32768,8004,32767
7.94420313835144,17120,5494,12203,-32768,17088,32767
7.95613169670105,16187,-6007,13460,-32768,32767,32767
7.968036890029907,5251,-5422,14418,-32768,32767,32767
7.979957103729248,5510,-3539,15167,-32767,32635,32767
7.991896867752075,-2580,-8424,12442,-32768,32766,32767
8.003829717636108,-2479,-12296,15012,-32768,32767,32767
8.015764474868774,3234,-9016,14343,-32768,32765,32767
8.027665138244629,-14165,-8664,7258,-32768,32430,32767
8.039602756500244,-14587,-10597,4507,-32768,25381,32767
8.051593780517578,-12325,-19404,3430,-32768,17991,32423
8.063530921936035,-15460,-13717,-715,-32768,15401,24301
8.07546854019165,-17770,-13535,-3600,-32768,5798,27131
8.08737063407898,-4932,-32516,3444,-32768,-5731,17202
8.099302530288696,1204,-29262,6991,-29111,-2263,5205
8.111235857009888,4106,-22885,7661,-4610,8714,-4727
8.123167514801025,21,-16160,3898,14514,25130,-3410
8.135100841522217,-11692,-14946,-419,20075,32767,-8813
8.147042036056519,-12668,-16186,2826,15057,19364,-5088
8.158989191055298,-11128,-18890,4814,9864,13515,-1152
8.17095136642456,-10150,-20236,4037,10373,10740,2598
8.182893991470337,-8093,-15759,5394,15776,8257,11501
8.194792985916138,-5307,-11100,7802,17356,10292,15938
8.206729650497437,-9344,-13753,6986,14615,18301,21735
8.218687057495117,-19182,-16301,4952,11401,6647,32767
8.230630159378052,-12387,-19692,4541,11883,-2786,32680
8.242573738098145,-10270,-24109,3275,19608,-49,32722
8.254479169845581,-13770,-18906,2728,30842,2905,32767
8.266423225402832,-14890,-10420,3042,32767,-891,32767
8.278359413146973,-11785,-4066,3647,19820,-10833,32767
8.290299415588379,-17453,-3536,1713,10830,-11560,32767
8.30223798751831,-18833,-7734,-1450,7298,-23295,27439
8.314140319824219,-1243,-10871,2378,12454,-32768,18198
8.326077938079834,5519,-9446,7565,21550,-22269,24052
8.33802580833435,-20013,-2647,-558,25400,-3404,32767
8.349971055984497,-13019,-7481,315,20175,-21114,26694
8.361908912658691,-7103,-10122,1927,21263,-22688,21181
8.37380862236023,-10042,-6496,604,26124,-16255,23093
8.385741472244263,-10409,-4569,-202,28288,-16038,17586
8.397659301757812,-8292,-338,1301,29978,-16379,13688
8.409595251083374,-6191,10229,3683,30172,-12688,8078
8.421528577804565,-6145,9542,4879,29345,-10385,5530
8.433430910110474,-8784,7950,4556,29332,-6662,8690
8.445386171340942,-15835,4581,2139,29909,-4755,10790
8.457329034805298,-18243,1169,-645,31893,-10439,11474
8.469265699386597,-1830,-1979,3968,32767,-17047,-5936
8.48120903968811,2278,3585,-886,32744,-8478,-11053
8.493110656738281,-2990,12060,-4854,32767,2375,-4912
8.505082368850708,-8416,15312,-4096,32767,6300,-6145
8.517044305801392,-13650,17370,-3310,32767,6650,15
8.528976678848267,-9437,21324,-4030,32767,-6466,9514
8.540919780731201,-8528,19328,-4033,32767,-9559,11161
8.552889585494995,-11020,14095,-6913,32767,-11750,11153
8.564832925796509,-13224,9370,-9671,32767,-16931,17674
8.576770305633545,-10224,10928,-8667,32767,-24296,22104
8.588749170303345,-6931,16071,-7419,32767,-26500,27800
8.6006920337677,-5661,18817,-12198,32767,-29780,24992
8.612595081329346,-4597,16377,-12473,32767,-32748,24255
8.624531745910645,-3410,18005,-9298,32767,-32768,25105
8.63644528388977,-5274,20345,-8424,32767,-32725,29723
8.648387908935547,-5670,20784,-8329,32767,-32762,27214
8.66036605834961,-12296,14770,-10204,32307,-32767,26084
8.672279357910156,-14899,14482,-13366,29662,-32768,29574
8.68421721458435,-11144,15219,-14213,27020,-32768,30109
8.696157217025757,-4547,15406,-14704,25193,-32768,29311
8.70808458328247,-656,15405,-13730,23464,-32768,25023
8.72001576423645,-1013,24900,-11690,15828,-32768,20499
8.73205041885376,4157,27272,-10800,8776,-32768,16032
8.74407958984375,6699,24712,-8990,1921,-32768,2653
8.756041765213013,2791,23129,-8432,-2833,-30314,-9242
8.768026113510132,-8143,17598,-9795,-6502,-18561,-27546
8.7799654006958,-22389,13375,-12546,2590,-28615,-32554
8.79187297821045,-17898,20640,-15354,6474,-32768,-26275
8.803807973861694,-8404,21254,-17372,3576,-32753,-21894
8.815738677978516,-550,19032,-14499,-85,-32651,-18580
8.827674627304077,3119,17389,-9557,-1234,-32768,-20029
8.839606046676636,1461,16953,-8531,-1693,-32398,-23813
8.851513624191284,-16098,7214,-9695,-3764,-22877,-22641
8.863447427749634,-15823,9423,-9304,1790,-30913,-14031
8.875425100326538,-7673,15489,-5811,3550,-32768,-5564
8.887360334396362,-1918,16583,-2857,1359,-31852,-5230
8.899295568466187,-7480,14299,-1659,-2654,-22301,-1793
8.911195516586304,-18847,12801,-1322,-1723,-21220,1665
8.923131465911865,-12972,13760,217,-4081,-30212,7809
8.93510890007019,-6294,12940,827,-6209,-31179,12540
8.947047472000122,-8196,12101,1876,-7551,-22942,15606
8.958984851837158,-13148,13115,2268,-7967,-18821,19299
8.970888137817383,-9458,13731,1955,-11770,-24544,28315
8.982832908630371,-6833,11564,1867,-13143,-23062,29291
8.99478816986084,-5876,12213,2135,-12899,-20084,31003
9.006741285324097,-5491,16119,2194,-13793,-17556,32767
9.018731117248535,-3615,17074,2186,-17542,-15988,32767
9.030643939971924,-1606,14818,2872,-21108,-13362,32178
9.042589902877808,-3455,13534,3477,-25088,-3413,32767
9.054526329040527,-4466,12920,2183,-25387,-2183,32757
9.066465616226196,-761,15303,2311,-25838,-4096,32766
9.078402757644653,1036,15246,2671,-28132,175,32767
9.090425729751587,-1758,11590,3554,-30813,6731,32767
9.10236382484436,-1740,8889,4207,-29949,4111,32767
9.114298820495605,-2068,7857,4196,-28010,4629,32767
9.126229524612427,-1682,8664,3993,-25739,4234,32767
9.138164043426514,1204,12760,1728,-25888,3430,32767
9.150071620941162,3408,10872,5520,-29744,5580,32767
9.16207242012024,2527,6062,4058,-29925,13445,32767
9.174033880233765,2653,7821,4771,-29877,13984,32767
9.185991287231445,5057,9186,6046,-30743,12651,32767
9.197958946228027,9164,13670,11109,-32544,15272,32767
9.2098708152771,19078,27981,9092,-32768,28813,31741
9.221808195114136,3199,23233,-1429,-32745,32767,26322
9.23372507095337,-24299,-2287,-6542,-32768,32648,32767
9.245670080184937,-22449,-2209,303,-32768,29198,32767
9.257611513137817,-15075,-1407,-599,-32768,16421,32599
9.269519805908203,-14910,-10356,-5070,-32768,14043,32019
9.281452178955078,-20083,-20564,-6642,-32768,12239,27773
9.293388366699219,-14818,-29635,3930,-32768,-14037,21210
9.305350065231323,-6475,-26802,8537,-32768,-19786,23993
9.317288398742676,-2298,-22022,9576,-32768,-15744,21881
9.32919454574585,-5365,-16467,5021,-32768,-7888,23923
9.341133832931519,-11489,-18284,1475,-32768,-5587,20631
9.35306978225708,-17049,-29831,1418,-32744,-22196,10134
9.365005016326904,-13208,-30830,139,-29969,-31945,12787
9.376937627792358,-8855,-32441,265,-20361,-32768,9652
9.38883924484253,-6225,-25848,3404,-8965,-32666,14029
9.40076994895935,-4652,-18465,4251,-4139,-32733,14736
9.41273546218872,-4106,-23322,2807,-8033,-32003,13107
9.424745082855225,-12281,-32768,952,-925,-24148,11799
9.436689138412476,-12065,-28962,754,10506,-29929,10916
9.448693990707397,-12714,-20072,-369,11614,-32768,14898
9.460644483566284,-6827,-26404,3304,6298,-32768,1456
9.472580671310425,798,-32768,2957,8754,-32708,-5743
9.48451018333435,-156,-32629,-2492,31796,-21059,-8524
9.496541261672974,-6369,-31474,-4015,32767,-11139,-6591
9.508514404296875,-7977,-23683,-3293,32638,-11303,-1909
9.520507097244263,-5776,-22294,2733,32726,-13474,868
9.532455921173096,-9555,-27072,3251,32767,-11529,4926
9.544371843338013,-6184,-17681,-5996,32767,-30405,-1144
9.556312084197998,76,-14708,-1225,32767,-30658,-11340
9.568248748779297,-1130,-11163,-1539,32767,-23579,90
9.580240488052368,-1744,-10384,-2160,32767,-20462,5546
9.59217882156372,-53,-3671,489,32767,-19464,9266
9.604080438613892,-1715,-663,3687,32767,-25413,-10785
9.616013765335083,5157,3739,6627,32767,-32250,-3736
9.627968311309814,7886,7566,4638,32767,-32768,4413
9.639903783798218,8164,6777,1653,32767,-32702,4166
9.651833057403564,12571,7834,895,32767,-32746,2559
9.66376805305481,18112,9393,973,32767,-31486,-1477
9.675685405731201,15256,6052,4040,32767,-13845,-4989
9.687625646591187,12227,9356,5180,32767,-11086,-4705
9.699564933776855,11907,10904,5295,32767,-12376,-7018
9.71146845817566,11486,10312,6936,32767,-12887,-8336
9.723393201828003,10541,13736,9159,32767,-13959,-6224
9.735427856445312,8478,16187,7293,31607,-17467,-4647
9.74741530418396,8027,10914,3346,28406,-19740,-5064
9.759392023086548,8417,11127,2589,27806,-22676,-3993
9.771298885345459,11141,12298,4467,27648,-26168,-5237
9.783231496810913,16106,11585,3892,26517,-26987,-4520
9.795148611068726,19576,9977,-431,22218,-13148,-7466
9.807087182998657,20626,10522,2724,20443,-4418,-11804
9.819021701812744,17093,15231,3795,20269,6125,-18650
9.831042051315308,15023,20655,4236,19063,11093,-17234
9.84298324584961,14928,19827,3918,14703,13187,-15875
9.854896783828735,11878,15902,4482,11218,18033,-17859
9.866831541061401,-1557,8677,2610,5162,23833,-11829
9.878763198852539,40,6428,1817,7058,18849,-7578
9.890663862228394,2995,7919,1059,13467,16677,-11027
9.902593851089478,5460,10821,224,19308,19690,-15871
9.914527893066406,7861,13195,789,23568,26324,-19292
9.926460981369019,-434,19791,2599,21127,32767,-12280
9.938428163528442,-5051,18955,5115,15931,32650,-12577
9.950425863265991,-6433,17830,6957,13074,31243,-11962
9.962370872497559,-4548,18771,8480,13319,23593,-9651
9.97431230545044,-2837,20199,8568,13820,17494,-7594
9.986246347427368,-3893,19209,6579,8917,14741,-5547
9.99814248085022,-7320,15571,4274,6529,12186,-5820
10.010072469711304,-5678,13584,2753,7274,6427,-5161
10.022003173828125,-4052,11188,1166,9135,4439,-5394
10.033934831619263,-5845,8397,425,11794,6436,-7444
10.045850992202759,-8661,8387,1858,16294,8116,-9224
10.057759523391724,-14764,14474,5481,23305,3558,-7695
10.06969928741455,-13464,16561,4112,27009,-6525,-8842
10.081632137298584,-10996,17475,-2756,32187,-17284,-9474
10.093565940856934,-7934,18694,-6602,29057,-23996,-4502
10.105499505996704,-7525,17512,-5095,24298,-25623,-2266
10.117401361465454,-10966,26838,-717,20162,-30704,14251
10.129337549209595,-19675,24207,-6354,1554,-32768,29464
10.14131236076355,-16587,13202,-6656,-9144,-32768,25084
10.153254508972168,21845,22130,11197,-3202,-28522,21871
10.165202856063843,-10540,15034,-4846,-8323,25943,9836
10.177127361297607,9036,19362,-5569,-3005,31972,-32768
10.189066410064697,-4851,5702,-5313,-1986,32485,-25658
10.201004266738892,-13639,5788,-5879,11936,18871,-13881
10.212939739227295,-6671,9323,3116,22906,13849,-29101
10.224878072738647,-6277,13891,7115,30813,1793,-32768
10.23677682876587,3287,30464,8702,28401,-2338,-32768
10.248765230178833,-5669,10384,-1818,3940,-9323,-12287
10.260718822479248,-3908,8886,-749,7322,-17331,-9725
10.272648096084595,-2516,11559,-1721,10002,-17725,-8682
10.284578084945679,-1270,16596,-1664,12397,-15967,-4295
10.296456813812256,1215,22066,-2966,13254,-16625,3470
10.308393478393555,-1261,22076,-1614,8696,-21758,18482
10.32032561302185,-6105,18105,-128,5859,-22590,16685
10.332261562347412,-7039,17583,715,5985,-27524,14096
10.344200849533081,-4483,18685,1765,6379,-32732,16322
10.35611367225647,-2959,19932,1314,9155,-32768,10489
10.368044137954712,16960,23149,9311,15462,-29549,-9599
10.379974842071533,8871,16071,3994,15485,2660,17850
10.391908168792725,-7748,20206,-15571,28680,6170,17503
10.403841495513916,2047,32767,-17270,29683,-10142,-10051
10.415748834609985,6848,32767,-14413,2876,-6005,-3618
10.427680015563965,3536,22531,-10386,-21946,5489,-518
10.439610004425049,-3589,17530,-4051,-25258,10633,2821
10.451562643051147,-1326,24172,-2422,-22664,5496,8342
10.463504314422607,205,29479,-1761,-25726,2930,16080
10.475392580032349,1817,32767,-1995,-32180,2217,21606
10.48733139038086,2689,32694,-4234,-32768,4591,21579
10.49930191040039,-6546,20180,-10934,-32742,14892,12708
10.51127290725708,-11910,14287,-12083,-32768,11304,8390
10.523212432861328,-9601,8806,-9483,-32767,-2,9372
10.535138368606567,-122,11082,-2062,-32767,-10264,12944
10.547066926956177,6012,19195,1540,-32768,-10099,15695
10.559048175811768,-3008,11691,-4925,-32768,7699,16270
10.570992708206177,-5698,-582,-6947,-32768,7863,20688
10.58293080329895,-3382,-9029,-2922,-32768,5253,18565
10.594834804534912,-2583,-12162,2359,-32768,7424,11845
10.60677194595337,-1892,-9565,8996,-28911,7819,2749
10.618794441223145,638,15724,12388,-9432,6682,11008
10.630740880966187,-1420,13310,11228,-19796,8238,4282
10.642682075500488,-3117,7908,10052,-28300,8021,7218
10.6545889377594,-1543,7233,8796,-31717,6710,16409
10.666563510894775,1005,5862,9377,-32768,6796,16352
10.678502082824707,964,-325,10577,-32768,9500,9943
10.690432786941528,-5347,-5759,14599,-20131,12977,8244
10.702367305755615,-5679,1366,13912,-9975,8381,9953
10.714274406433105,-3775,4734,14260,-8048,2500,4724
10.726257801055908,-1621,1810,15062,-10544,-1433,977
10.738247156143188,365,-1006,15625,-9040,-2610,-1655
10.750287771224976,1144,9846,14912,-5068,-2750,3497
10.762243509292603,2006,6674,14179,-11053,-2289,377
10.77420973777771,1007,2388,14607,-15284,-509,-739
10.786147117614746,733,2026,15411,-15908,69,3423
10.798063278198242,1068,2119,15091,-16976,1099,8803
10.809999465942383,-607,-5055,15312,-15138,1064,1193
10.821933507919312,-10,-1840,16837,-8306,-1500,2888
10.833836793899536,344,3196,16997,-3979,-3320,1950
10.845770597457886,454,4218,16895,-5177,-4308,790
