42392,0.04,-0.01,1.00,0.22,0.15,-0.01,-0.35,-2.03,186.42
42402,0.04,-0.01,1.00,0.15,0.03,-0.28,-0.36,-1.92,186.41
42412,0.04,-0.01,1.00,0.31,0.01,0.03,-0.46,-1.92,186.42
42422,0.04,-0.00,1.00,0.23,-0.07,-0.07,-0.35,-1.95,186.42
42432,0.04,-0.01,1.00,0.28,0.11,-0.04,-0.46,-1.93,186.42
42442,0.03,-0.01,1.00,0.30,0.17,0.05,-0.46,-1.81,186.42
42452,0.03,-0.01,1.00,0.22,0.05,0.03,-0.57,-1.79,186.43
42462,0.03,-0.01,1.00,0.10,0.15,0.05,-0.49,-1.86,186.43
42472,0.04,-0.01,1.00,0.17,0.04,-0.33,-0.45,-1.97,186.41
42482,0.04,-0.01,0.99,0.16,0.12,-0.41,-0.47,-2.08,186.40
42492,0.04,-0.01,1.00,0.22,0.29,-0.25,-0.54,-2.15,186.41
42502,0.04,-0.01,1.00,0.21,0.18,-0.28,-0.57,-2.04,186.40
42512,0.03,-0.01,0.99,0.26,0.04,-0.54,-0.46,-2.02,186.38
42522,0.03,-0.01,0.99,0.24,-0.01,-0.64,-0.57,-2.05,186.38
42532,0.04,-0.00,0.99,0.19,0.01,-0.41,-0.46,-2.08,186.38
42542,0.04,-0.00,0.99,0.24,0.29,-0.18,-0.46,-2.18,186.39
42552,0.04,-0.00,1.00,0.23,0.12,0.02,-0.37,-2.11,186.39
42562,0.04,-0.00,1.00,0.23,-0.00,-0.23,-0.47,-2.17,186.38
42572,0.03,-0.00,1.00,0.26,0.17,-0.08,-0.43,-2.05,186.39
42582,0.03,-0.01,1.00,0.21,0.17,-0.10,-0.50,-1.96,186.39
42592,0.03,-0.00,1.00,0.12,0.14,-0.31,-0.43,-2.04,186.37
42602,0.03,-0.01,1.00,0.04,0.09,-0.25,-0.48,-1.94,186.37
42612,0.03,-0.01,1.00,-0.01,0.04,-0.36,-0.50,-1.83,186.37
42622,0.03,-0.01,1.00,0.09,-0.03,-0.36,-0.55,-1.73,186.37
42632,0.03,-0.01,1.00,0.18,-0.18,-0.50,-0.55,-1.63,186.36
42642,0.03,-0.01,1.00,0.09,-0.23,-0.46,-0.46,-1.70,186.35
42652,0.03,-0.00,1.00,0.21,0.04,-0.17,-0.34,-1.65,186.36
42662,0.03,-0.01,1.00,0.25,0.08,-0.10,-0.45,-1.61,186.36
42672,0.03,-0.01,1.00,0.26,0.18,0.07,-0.55,-1.57,186.37
42682,0.03,-0.01,0.99,0.22,0.11,0.14,-0.65,-1.63,186.38
42692,0.03,-0.01,0.99,0.23,0.09,-0.22,-0.58,-1.72,186.36
42702,0.03,-0.01,1.00,0.27,0.27,-0.16,-0.49,-1.79,186.36
42712,0.03,-0.01,0.99,0.23,0.07,-0.28,-0.60,-1.79,186.35
42722,0.03,-0.01,1.00,0.24,0.03,-0.47,-0.52,-1.71,186.34
42732,0.03,-0.01,1.00,0.32,0.01,-0.29,-0.40,-1.73,186.34
42742,0.03,-0.01,1.00,0.22,0.19,0.06,-0.41,-1.61,186.36
42752,0.03,-0.01,1.00,0.32,0.25,-0.10,-0.38,-1.71,186.35
42762,0.03,-0.01,1.00,0.29,0.36,0.08,-0.37,-1.82,186.35
42772,0.03,-0.00,1.00,0.31,0.43,0.07,-0.25,-1.82,186.35
42782,0.03,-0.00,1.00,0.38,0.32,0.04,-0.34,-1.75,186.35
42792,0.04,-0.00,1.00,0.27,0.08,0.02,-0.30,-1.87,186.35
42802,0.03,-0.00,1.00,0.23,0.24,0.04,-0.38,-1.77,186.36
42812,0.03,-0.00,1.00,0.16,0.55,0.26,-0.26,-1.76,186.36
42822,0.03,-0.00,0.99,0.19,0.60,0.30,-0.17,-1.82,186.36
42832,0.03,-0.00,0.99,0.15,0.47,0.35,-0.10,-1.91,186.37
42842,0.03,-0.00,0.99,0.13,0.25,0.08,-0.19,-1.85,186.36
42852,0.03,-0.01,0.99,0.08,0.18,0.08,-0.31,-1.86,186.37
42862,0.03,-0.01,0.99,0.16,0.21,-0.06,-0.19,-1.86,186.36
42872,0.03,-0.01,0.99,0.14,0.23,0.04,-0.26,-1.94,186.36
42882,0.04,-0.01,0.99,0.24,0.05,-0.12,-0.35,-2.01,186.36
42892,0.04,-0.01,0.99,0.15,-0.01,-0.20,-0.30,-2.11,186.35
42902,0.03,-0.01,0.99,0.11,-0.09,-0.24,-0.34,-2.01,186.35
42912,0.03,-0.01,1.00,0.19,0.10,-0.10,-0.42,-1.92,186.36
42922,0.03,-0.00,0.99,0.20,0.22,-0.29,-0.30,-1.89,186.34
42932,0.03,-0.00,0.99,0.12,0.25,-0.34,-0.32,-1.78,186.34
42942,0.03,-0.00,0.99,0.18,0.47,-0.24,-0.25,-1.67,186.34
42952,0.03,-0.00,0.99,0.06,0.50,-0.40,-0.22,-1.55,186.33
42962,0.03,-0.00,0.99,0.12,0.72,-0.35,-0.32,-1.59,186.33
42972,0.03,-0.00,0.99,0.18,0.59,-0.31,-0.35,-1.70,186.33
42982,0.03,-0.01,0.99,0.22,0.60,-0.33,-0.40,-1.59,186.32
42992,0.03,-0.01,0.99,0.18,0.57,-0.49,-0.49,-1.65,186.31
43002,0.03,-0.01,1.00,0.04,0.37,-0.67,-0.60,-1.69,186.30
43012,0.03,-0.01,0.99,-0.04,0.56,-0.54,-0.65,-1.57,186.30
43022,0.03,-0.01,0.99,-0.15,0.39,-0.61,-0.55,-1.62,186.29
43032,0.03,-0.01,1.00,-0.07,0.32,-0.39,-0.50,-1.52,186.30
43042,0.03,-0.01,0.99,-0.12,0.23,-0.39,-0.61,-1.55,186.30
43052,0.02,-0.01,0.99,0.03,0.27,-0.46,-0.56,-1.43,186.29
43062,0.02,-0.01,0.99,0.08,0.41,-0.19,-0.66,-1.38,186.30
43072,0.03,-0.01,1.00,0.10,0.45,-0.08,-0.61,-1.47,186.30
43082,0.03,-0.01,1.00,0.12,0.57,-0.13,-0.58,-1.57,186.30
43092,0.03,-0.01,1.00,0.20,0.61,-0.11,-0.50,-1.65,186.29
43102,0.03,-0.01,1.00,0.21,0.54,-0.14,-0.47,-1.76,186.29
43112,0.03,-0.01,1.00,0.18,0.25,-0.09,-0.37,-1.71,186.29
43122,0.03,-0.01,1.00,0.22,0.25,-0.19,-0.27,-1.77,186.28
43132,0.03,-0.01,1.00,0.27,0.21,-0.21,-0.37,-1.82,186.28
43142,0.03,-0.01,0.99,0.34,-0.05,-0.32,-0.35,-1.94,186.27
43152,0.03,-0.01,1.00,0.43,0.31,-0.17,-0.32,-1.81,186.28
43162,0.03,-0.00,0.99,0.45,0.52,0.11,-0.21,-1.83,186.28
43172,0.03,-0.00,1.00,0.47,0.62,0.33,-0.23,-1.71,186.30
43182,0.03,-0.01,1.00,0.39,0.30,-0.14,-0.33,-1.67,186.28
43192,0.03,-0.01,0.99,0.26,0.16,-0.38,-0.44,-1.65,186.27
43202,0.03,-0.01,1.00,0.28,0.24,-0.21,-0.50,-1.74,186.28
43212,0.03,-0.01,0.99,0.26,0.25,-0.10,-0.60,-1.69,186.28
43222,0.03,-0.01,0.99,0.21,0.32,0.09,-0.49,-1.72,186.29
43232,0.03,-0.01,0.99,0.22,0.32,0.01,-0.61,-1.70,186.29
43242,0.03,-0.01,0.99,0.19,0.39,0.17,-0.65,-1.59,186.30
43252,0.03,-0.01,0.99,0.12,0.41,0.24,-0.54,-1.59,186.30
43262,0.03,-0.01,1.00,0.17,0.53,0.24,-0.42,-1.55,186.30
43272,0.03,-0.01,1.00,0.09,0.53,0.33,-0.51,-1.63,186.31
43282,0.03,-0.01,1.00,0.18,0.33,0.07,-0.43,-1.72,186.30
43292,0.03,-0.01,1.00,0.23,0.40,0.29,-0.37,-1.81,186.31
43302,0.03,-0.01,1.00,0.27,0.54,0.22,-0.35,-1.92,186.30
43312,0.04,-0.01,1.00,0.17,0.67,0.26,-0.34,-2.02,186.31
43322,0.03,-0.01,1.00,0.13,0.51,0.27,-0.40,-1.92,186.31
43332,0.03,-0.00,1.00,0.11,0.65,0.09,-0.30,-1.86,186.30
43342,0.03,-0.00,1.00,0.18,0.28,-0.22,-0.39,-1.81,186.29
43352,0.03,-0.00,1.00,0.12,0.14,-0.08,-0.37,-1.70,186.30
43362,0.03,-0.00,1.00,0.12,0.02,-0.31,-0.32,-1.61,186.28
43372,0.03,-0.00,1.00,0.11,0.21,-0.15,-0.29,-1.71,186.29
43382,0.03,-0.00,1.00,0.16,0.09,-0.23,-0.31,-1.82,186.28
43392,0.03,-0.00,1.00,0.36,0.09,-0.49,-0.19,-1.78,186.26
43402,0.03,-0.00,1.00,0.31,0.31,-0.43,-0.28,-1.70,186.26
43412,0.03,-0.01,1.00,0.29,0.38,-0.45,-0.38,-1.65,186.26
43422,0.03,-0.01,1.00,0.25,0.63,-0.23,-0.40,-1.74,186.27
43432,0.03,-0.01,0.99,0.28,0.31,-0.18,-0.37,-1.64,186.27
43442,0.03,-0.01,1.00,0.23,0.47,0.01,-0.44,-1.55,186.28
43452,0.03,-0.01,1.00,0.21,0.34,-0.06,-0.54,-1.60,186.28
43462,0.03,-0.01,1.00,0.32,0.49,-0.00,-0.58,-1.69,186.28
43472,0.03,-0.01,1.00,0.31,0.53,-0.15,-0.53,-1.79,186.27
43482,0.03,-0.01,1.00,0.25,0.52,-0.12,-0.42,-1.76,186.27
43492,0.03,-0.01,1.00,0.30,0.52,0.19,-0.44,-1.64,186.28
43502,0.03,-0.01,1.00,0.28,0.47,0.27,-0.44,-1.75,186.29
43512,0.03,-0.01,1.00,0.29,0.39,0.19,-0.49,-1.65,186.29
43522,0.03,-0.01,1.00,0.27,0.22,-0.14,-0.55,-1.75,186.28
43532,0.03,-0.01,1.00,0.30,0.47,-0.09,-0.61,-1.64,186.28
43542,0.03,-0.01,1.00,0.35,0.40,-0.17,-0.72,-1.61,186.28
43552,0.03,-0.01,1.00,0.28,0.58,-0.12,-0.62,-1.66,186.28
43562,0.03,-0.01,1.00,0.32,0.52,-0.16,-0.55,-1.56,186.27
43572,0.03,-0.01,1.00,0.32,0.36,-0.25,-0.55,-1.67,186.27
43582,0.03,-0.01,1.00,0.28,0.34,-0.25,-0.63,-1.76,186.27
43592,0.03,-0.01,1.00,0.25,0.43,-0.06,-0.74,-1.76,186.28
43602,0.03,-0.01,1.00,0.26,0.37,-0.12,-0.78,-1.87,186.27
43612,0.03,-0.01,1.00,0.21,0.30,-0.00,-0.67,-1.90,186.27
43622,0.03,-0.01,1.00,0.24,0.50,0.32,-0.59,-1.81,186.29
43632,0.03,-0.01,1.00,0.18,0.40,0.53,-0.68,-1.74,186.30
43642,0.03,-0.01,1.00,0.12,0.34,0.59,-0.69,-1.63,186.31
43652,0.03,-0.01,1.00,0.16,0.34,0.24,-0.57,-1.65,186.30
43662,0.03,-0.01,1.00,0.16,0.10,0.09,-0.49,-1.74,186.29
43672,0.03,-0.01,1.00,0.26,0.20,0.09,-0.55,-1.64,186.29
43682,0.03,-0.01,1.00,0.26,0.19,0.21,-0.58,-1.75,186.30
43692,0.03,-0.01,0.99,0.38,0.33,0.20,-0.69,-1.71,186.31
43702,0.03,-0.01,1.00,0.46,0.41,0.03,-0.78,-1.75,186.30
43712,0.03,-0.01,1.00,0.34,0.46,0.08,-0.69,-1.80,186.30
43722,0.03,-0.01,1.00,0.32,0.44,-0.06,-0.78,-1.74,186.30
43732,0.03,-0.01,1.00,0.28,0.32,-0.09,-0.70,-1.82,186.30
43742,0.03,-0.01,1.00,0.30,0.33,-0.08,-0.62,-1.74,186.29
43752,0.03,-0.01,1.00,0.29,0.29,-0.00,-0.50,-1.72,186.29
43762,0.03,-0.01,1.00,0.27,0.25,-0.17,-0.39,-1.69,186.28
43772,0.03,-0.01,1.00,0.25,0.28,-0.10,-0.32,-1.78,186.28
43782,0.03,-0.01,1.00,0.25,0.31,-0.12,-0.39,-1.69,186.28
43792,0.03,-0.01,1.00,0.16,0.33,-0.22,-0.37,-1.80,186.27
43802,0.03,-0.01,0.99,0.22,0.57,-0.11,-0.26,-1.79,186.27
43812,0.03,-0.01,1.00,0.20,0.48,-0.02,-0.32,-1.88,186.28
43822,0.03,-0.01,0.99,0.17,0.49,-0.11,-0.23,-1.94,186.27
43832,0.03,-0.01,1.00,0.25,0.59,-0.05,-0.31,-1.85,186.28
43842,0.03,-0.00,1.00,0.26,0.53,-0.05,-0.24,-1.94,186.27
43852,0.03,-0.00,1.00,0.22,0.51,-0.04,-0.23,-1.82,186.27
43862,0.03,-0.01,1.00,0.20,0.30,-0.19,-0.33,-1.77,186.27
43872,0.03,-0.00,1.00,0.20,0.34,-0.01,-0.22,-1.76,186.27
43882,0.03,-0.01,1.00,0.22,0.56,0.12,-0.33,-1.73,186.28
43892,0.03,-0.01,1.00,0.16,0.61,0.20,-0.41,-1.65,186.29
43902,0.03,-0.01,0.99,0.19,0.74,0.10,-0.41,-1.75,186.29
43912,0.03,-0.01,0.99,0.19,0.77,0.31,-0.49,-1.82,186.30
43922,0.03,-0.01,1.00,0.14,0.81,0.48,-0.58,-1.88,186.31
43932,0.03,-0.01,1.00,0.22,0.71,0.40,-0.69,-1.85,186.32
43942,0.03,-0.01,1.00,0.18,0.76,0.38,-0.66,-1.73,186.32
43952,0.03,-0.01,1.00,0.20,0.91,0.60,-0.55,-1.75,186.33
43962,0.03,-0.01,1.00,0.10,0.94,0.39,-0.44,-1.77,186.32
43972,0.03,-0.01,0.99,0.19,0.74,0.37,-0.44,-1.89,186.33
43982,0.03,-0.01,1.00,0.23,0.69,0.17,-0.47,-1.77,186.32
43992,0.03,-0.01,1.00,0.28,0.71,0.03,-0.58,-1.75,186.32
44002,0.03,-0.01,1.00,0.23,0.60,0.25,-0.48,-1.80,186.33
44012,0.03,-0.01,1.00,0.25,0.57,0.23,-0.39,-1.88,186.33
44022,0.04,-0.01,1.00,0.26,0.63,0.40,-0.34,-1.97,186.34
44032,0.04,-0.01,1.00,0.31,0.59,0.36,-0.44,-2.03,186.34
44042,0.04,-0.01,1.00,0.23,0.64,0.40,-0.53,-1.95,186.35
44052,0.03,-0.01,1.00,0.22,0.65,0.50,-0.42,-1.90,186.36
44062,0.03,-0.01,1.00,0.19,0.65,0.43,-0.31,-1.92,186.35
44072,0.04,-0.01,0.99,0.24,0.64,0.44,-0.33,-2.02,186.36
44082,0.04,-0.01,0.99,0.29,0.55,0.28,-0.34,-2.13,186.36
44092,0.04,-0.01,0.99,0.30,0.66,0.66,-0.45,-2.10,186.38
44102,0.04,-0.01,0.99,0.24,0.80,0.55,-0.56,-2.06,186.39
44112,0.04,-0.01,0.99,0.35,0.74,0.30,-0.47,-2.13,186.38
44122,0.04,-0.01,0.99,0.33,0.55,0.14,-0.49,-2.02,186.37
44132,0.04,-0.01,0.99,0.26,0.34,-0.08,-0.50,-2.14,186.36
44142,0.04,-0.01,0.99,0.21,0.47,-0.02,-0.41,-2.06,186.36
44152,0.04,-0.01,0.99,0.17,0.13,-0.03,-0.31,-2.01,186.36
44162,0.04,-0.00,0.99,0.39,0.19,0.10,-0.20,-2.06,186.36
44172,0.04,-0.00,0.99,0.31,0.18,0.01,-0.10,-2.01,186.35
44182,0.04,-0.00,1.00,0.26,0.25,0.13,-0.19,-1.95,186.36
44192,0.03,-0.01,1.00,0.19,0.12,0.04,-0.30,-1.89,186.36
44202,0.03,-0.01,1.00,0.22,0.18,0.13,-0.20,-1.82,186.36
44212,0.03,-0.00,1.00,0.29,0.12,0.13,-0.13,-1.92,186.36
44222,0.03,-0.00,1.00,0.39,0.31,0.18,-0.02,-1.94,186.36
44232,0.03,-0.00,1.00,0.43,0.48,0.15,-0.02,-2.04,186.36
44242,0.03,-0.00,1.00,0.43,0.50,-0.11,0.09,-1.99,186.35
44252,0.04,-0.00,1.00,0.38,0.42,-0.08,0.05,-2.10,186.35
44262,0.04,-0.00,1.00,0.28,0.34,-0.06,-0.06,-2.07,186.36
44272,0.03,-0.00,0.99,0.32,0.34,0.03,-0.16,-2.02,186.36
44282,0.03,-0.00,0.99,0.34,0.19,-0.00,-0.22,-1.93,186.36
44292,0.03,-0.00,0.99,0.24,0.40,0.03,-0.19,-1.81,186.36
44302,0.03,-0.00,0.99,0.14,0.43,0.08,-0.16,-1.91,186.37
44312,0.03,-0.00,0.99,0.11,0.28,-0.06,-0.17,-1.80,186.36
44322,0.03,-0.01,0.99,0.25,0.50,-0.03,-0.27,-1.83,186.36
44332,0.03,-0.01,0.99,0.20,0.61,-0.14,-0.38,-1.79,186.36
44342,0.03,-0.01,0.99,0.16,0.40,-0.25,-0.49,-1.83,186.36
44352,0.03,-0.00,0.99,0.26,0.71,0.07,-0.37,-1.79,186.37
44362,0.03,-0.00,0.99,0.19,0.45,0.04,-0.30,-1.88,186.37
44372,0.03,-0.00,0.99,0.15,0.49,0.21,-0.31,-1.76,186.37
44382,0.03,-0.01,0.99,0.11,0.46,0.10,-0.42,-1.73,186.37
44392,0.03,-0.00,0.99,0.10,0.43,0.06,-0.31,-1.77,186.37
44402,0.03,-0.00,0.99,0.09,0.61,0.05,-0.27,-1.86,186.37
44412,0.03,-0.00,1.00,0.16,0.67,0.20,-0.33,-1.95,186.38
44422,0.03,-0.01,0.99,0.20,0.72,0.12,-0.43,-1.99,186.38
44432,0.04,-0.01,0.99,0.24,0.66,0.11,-0.53,-2.04,186.38
44442,0.04,-0.01,0.99,0.38,0.64,0.26,-0.40,-2.04,186.39
44452,0.03,-0.01,0.99,0.36,0.54,0.23,-0.30,-1.97,186.39
44462,0.04,-0.00,1.00,0.32,0.54,0.23,-0.23,-2.05,186.39
44472,0.04,-0.01,1.00,0.31,0.54,0.22,-0.29,-1.95,186.39
44482,0.03,-0.00,1.00,0.36,0.41,0.23,-0.19,-1.90,186.39
44492,0.03,-0.00,1.00,0.33,0.48,0.50,-0.20,-2.00,186.41
44502,0.04,-0.00,1.00,0.33,0.46,0.29,-0.19,-2.11,186.40
44512,0.04,-0.00,1.00,0.43,0.45,0.28,-0.29,-2.14,186.41
44522,0.04,-0.00,1.00,0.36,0.56,0.05,-0.18,-2.10,186.39
44532,0.04,-0.00,0.99,0.28,0.59,0.07,-0.08,-2.14,186.39
44542,0.04,0.00,0.99,0.25,0.71,0.29,0.04,-2.12,186.40
44552,0.04,0.00,1.00,0.27,0.53,0.08,-0.01,-2.02,186.39
44562,0.04,0.00,1.00,0.29,0.47,0.21,-0.01,-2.14,186.40
44572,0.04,-0.00,1.00,0.26,0.41,0.05,-0.12,-2.16,186.40
44582,0.04,-0.00,1.00,0.23,0.44,0.11,-0.23,-2.14,186.41
44592,0.04,-0.01,0.99,0.27,0.30,-0.01,-0.28,-2.04,186.40
44602,0.03,-0.00,0.99,0.17,0.26,0.04,-0.21,-1.94,186.40
44612,0.03,-0.01,0.99,0.02,0.39,0.25,-0.32,-1.88,186.42
44622,0.03,-0.01,0.99,-0.03,0.44,0.02,-0.33,-1.76,186.41
44632,0.03,-0.01,0.99,-0.04,0.48,-0.13,-0.33,-1.64,186.40
44642,0.03,-0.01,0.99,-0.09,0.43,-0.15,-0.44,-1.69,186.40
44652,0.03,-0.01,0.99,-0.02,0.61,-0.11,-0.40,-1.79,186.40
44662,0.03,-0.01,0.99,0.12,0.83,-0.02,-0.44,-1.67,186.41
44672,0.03,-0.01,0.99,0.14,0.84,0.11,-0.52,-1.74,186.42
44682,0.03,-0.01,0.99,0.06,0.71,-0.11,-0.61,-1.82,186.41
44692,0.03,-0.01,0.99,0.10,0.65,-0.07,-0.56,-1.92,186.41
44702,0.03,-0.01,0.99,0.07,0.47,-0.05,-0.44,-1.92,186.40
44712,0.04,-0.01,0.99,0.15,0.57,0.01,-0.35,-1.98,186.40
44722,0.03,-0.01,0.99,0.21,0.53,0.01,-0.31,-1.87,186.40
44732,0.03,-0.00,0.99,0.29,0.39,-0.24,-0.22,-1.80,186.39
44742,0.03,-0.01,0.99,0.33,0.29,-0.21,-0.30,-1.87,186.39
44752,0.03,-0.01,0.99,0.25,0.52,-0.09,-0.39,-1.93,186.40
44762,0.03,-0.01,0.99,0.40,0.59,0.11,-0.29,-1.86,186.40
44772,0.03,-0.01,0.99,0.40,0.63,0.19,-0.40,-1.88,186.41
44782,0.03,-0.01,0.99,0.35,0.65,0.18,-0.47,-1.79,186.41
44792,0.03,-0.01,0.99,0.34,0.51,0.14,-0.45,-1.90,186.41
44802,0.03,-0.01,1.00,0.34,0.69,0.22,-0.38,-1.98,186.42
44812,0.03,-0.01,0.99,0.36,0.66,0.08,-0.48,-1.93,186.42
44822,0.03,-0.01,0.99,0.26,0.74,0.06,-0.37,-1.92,186.41
44832,0.03,-0.01,0.99,0.25,0.98,0.06,-0.48,-1.86,186.42
44842,0.03,-0.01,1.00,0.19,0.82,-0.12,-0.56,-1.78,186.41
44852,0.03,-0.01,1.00,0.11,0.41,-0.28,-0.67,-1.77,186.40
44862,0.03,-0.01,1.00,0.09,0.30,-0.16,-0.60,-1.69,186.41
44872,0.03,-0.01,1.00,0.11,0.48,-0.06,-0.57,-1.79,186.41
44882,0.03,-0.01,0.99,0.10,0.44,-0.16,-0.64,-1.87,186.40
44892,0.03,-0.01,1.00,0.20,0.52,-0.06,-0.56,-1.77,186.41
44902,0.03,-0.01,1.00,0.16,0.54,0.01,-0.52,-1.87,186.41
44912,0.03,-0.01,1.00,0.19,0.38,-0.05,-0.41,-1.85,186.40
44922,0.03,-0.01,1.00,0.29,0.39,0.04,-0.44,-1.74,186.41
44932,0.03,-0.01,1.00,0.30,0.40,0.10,-0.51,-1.82,186.41
44942,0.03,-0.01,1.00,0.14,0.32,-0.12,-0.40,-1.84,186.40
44952,0.03,-0.01,1.00,0.15,0.27,-0.02,-0.30,-1.90,186.40
44962,0.03,-0.01,1.00,0.21,0.32,0.07,-0.35,-2.00,186.40
44972,0.03,-0.01,1.00,0.19,0.36,-0.01,-0.40,-1.89,186.40
44982,0.03,-0.01,1.00,0.25,0.49,-0.03,-0.48,-1.96,186.40
44992,0.03,-0.01,1.00,0.10,0.54,-0.02,-0.58,-2.02,186.41
45002,0.03,-0.01,1.00,0.23,0.49,-0.06,-0.51,-1.92,186.40
45012,0.03,-0.01,1.00,0.24,0.36,-0.03,-0.50,-1.81,186.40
45022,0.03,-0.01,1.00,0.21,0.38,0.12,-0.57,-1.89,186.41
45032,0.03,-0.01,1.00,0.20,0.38,0.24,-0.45,-1.91,186.42
45042,0.03,-0.01,1.00,0.15,0.46,0.39,-0.57,-1.92,186.43
45052,0.04,-0.01,1.00,0.07,0.24,0.09,-0.47,-1.98,186.42
45062,0.03,-0.01,1.00,0.01,0.24,0.05,-0.40,-1.88,186.41
45072,0.03,-0.00,1.00,0.07,0.30,0.10,-0.29,-1.91,186.41
45082,0.04,-0.01,1.00,0.26,0.26,0.19,-0.31,-2.01,186.42
45092,0.04,-0.00,1.00,0.23,0.41,0.15,-0.20,-1.98,186.41
45102,0.04,-0.00,0.99,0.27,0.58,0.12,-0.11,-2.05,186.41
45112,0.04,-0.00,1.00,0.24,0.58,0.15,-0.21,-1.98,186.42
45122,0.03,-0.01,1.00,0.10,0.47,0.13,-0.27,-1.88,186.42
45132,0.03,-0.00,1.00,0.11,0.33,-0.12,-0.22,-1.78,186.41
45142,0.03,-0.01,1.00,0.19,0.56,0.07,-0.33,-1.75,186.42
45152,0.03,-0.01,1.00,0.20,0.47,0.08,-0.42,-1.81,186.42
45162,0.03,-0.01,1.00,0.04,0.40,0.00,-0.46,-1.92,186.42
45172,0.03,-0.01,1.00,0.04,0.48,0.10,-0.51,-1.81,186.43
45182,0.03,-0.01,1.00,-0.01,0.36,0.04,-0.40,-1.85,186.42
45192,0.03,-0.01,1.00,0.04,0.36,0.23,-0.30,-1.89,186.43
45202,0.03,-0.01,1.00,0.01,0.50,0.38,-0.23,-1.79,186.44
45212,0.03,-0.01,1.00,-0.04,0.45,0.20,-0.34,-1.74,186.43
45222,0.03,-0.01,1.00,0.12,0.45,0.07,-0.23,-1.79,186.43
45232,0.03,-0.01,1.00,0.22,0.34,-0.02,-0.24,-1.91,186.42
45242,0.03,-0.01,1.00,0.31,0.39,-0.09,-0.28,-2.01,186.42
45252,0.03,-0.01,1.00,0.27,0.51,0.07,-0.38,-1.94,186.43
45262,0.03,-0.01,1.00,0.18,0.51,0.06,-0.30,-2.02,186.43
45272,0.03,-0.01,1.00,0.16,0.31,-0.20,-0.41,-2.07,186.42
45282,0.03,-0.01,1.00,0.16,0.28,-0.10,-0.51,-2.04,186.43
45292,0.04,-0.01,1.00,0.26,0.20,-0.08,-0.58,-2.13,186.43
45302,0.04,-0.01,1.00,0.28,0.14,0.05,-0.46,-2.17,186.43
45312,0.04,-0.01,0.99,0.15,0.34,0.22,-0.58,-2.17,186.45
45322,0.04,-0.01,0.99,0.17,0.24,0.26,-0.69,-2.20,186.45
45332,0.04,-0.01,0.99,0.24,0.37,0.31,-0.57,-2.17,186.45
45342,0.04,-0.01,1.00,0.25,0.55,0.43,-0.55,-2.04,186.46
45352,0.04,-0.01,0.99,0.19,0.64,0.31,-0.63,-1.95,186.46
45362,0.03,-0.01,0.99,0.17,0.60,0.22,-0.66,-1.83,186.46
45372,0.03,-0.01,0.99,0.21,0.56,0.07,-0.57,-1.90,186.45
45382,0.04,-0.01,1.00,0.30,0.71,0.16,-0.58,-2.00,186.46
45392,0.04,-0.01,1.00,0.32,0.77,0.22,-0.48,-2.06,186.46
45402,0.04,-0.01,1.00,0.23,0.61,0.25,-0.49,-1.94,186.47
45412,0.03,-0.01,1.00,0.33,0.78,0.53,-0.40,-1.85,186.48
45422,0.04,-0.01,1.00,0.31,0.44,0.37,-0.34,-1.96,186.47
45432,0.04,-0.01,1.00,0.18,0.30,0.36,-0.37,-2.07,186.48
45442,0.04,-0.01,1.00,0.13,0.32,0.23,-0.46,-2.14,186.48
45452,0.04,-0.01,1.00,0.16,0.28,0.22,-0.56,-2.11,186.48
45462,0.04,-0.01,1.00,0.22,0.26,0.25,-0.44,-2.09,186.48
45472,0.04,-0.01,1.00,0.17,0.22,0.16,-0.34,-2.06,186.48
45482,0.03,-0.01,1.00,0.07,0.06,-0.01,-0.38,-1.96,186.47
45492,0.03,-0.01,1.00,0.09,0.00,-0.16,-0.49,-1.93,186.47
45502,0.03,-0.01,1.00,0.14,0.04,-0.17,-0.46,-1.82,186.47
45512,0.03,-0.01,1.00,0.19,0.15,0.05,-0.55,-1.74,186.48
45522,0.03,-0.01,1.00,0.19,0.21,0.32,-0.48,-1.83,186.49
45532,0.03,-0.00,1.00,0.22,0.29,0.24,-0.36,-1.84,186.49
45542,0.03,-0.00,1.00,0.22,0.35,0.15,-0.30,-1.73,186.48
45552,0.03,-0.01,1.00,0.14,0.11,0.02,-0.41,-1.74,186.48
45562,0.03,-0.01,1.00,0.18,0.08,0.09,-0.45,-1.85,186.49
45572,0.03,-0.01,1.00,0.29,0.18,0.28,-0.51,-1.75,186.50
45582,0.03,-0.01,1.00,0.25,0.16,0.20,-0.59,-1.67,186.50
45592,0.03,-0.01,1.00,0.16,0.22,0.32,-0.61,-1.77,186.51
45602,0.03,-0.01,1.00,0.05,0.49,0.33,-0.60,-1.87,186.51
45612,0.04,-0.01,0.99,0.06,0.45,0.38,-0.57,-1.98,186.52
45622,0.04,-0.01,0.99,0.13,0.59,0.44,-0.45,-1.95,186.52
45632,0.03,-0.01,0.99,0.10,0.72,0.48,-0.51,-1.84,186.53
45642,0.03,-0.01,1.00,0.13,0.73,0.48,-0.39,-1.80,186.53
45652,0.03,-0.01,1.00,0.15,0.70,0.37,-0.50,-1.76,186.53
45662,0.03,-0.01,1.00,0.15,0.42,0.31,-0.61,-1.76,186.53
45672,0.03,-0.01,1.00,0.17,0.28,0.17,-0.53,-1.68,186.53
45682,0.03,-0.01,1.00,0.17,0.47,0.11,-0.56,-1.78,186.53
45692,0.03,-0.01,1.00,0.19,0.38,-0.06,-0.62,-1.68,186.52
45702,0.03,-0.01,1.00,0.17,0.59,0.19,-0.50,-1.66,186.53
45712,0.03,-0.01,1.00,0.26,0.64,0.16,-0.61,-1.62,186.53
45722,0.03,-0.01,1.00,0.24,0.62,0.23,-0.53,-1.70,186.54
45732,0.03,-0.01,1.00,0.27,0.38,0.11,-0.63,-1.75,186.54
45742,0.03,-0.01,1.00,0.26,0.35,0.25,-0.70,-1.84,186.55
45752,0.03,-0.01,1.00,0.31,0.29,0.15,-0.59,-1.88,186.54
45762,0.03,-0.01,1.00,0.38,0.48,0.35,-0.57,-1.76,186.55
45772,0.03,-0.01,1.00,0.54,0.35,0.29,-0.65,-1.69,186.55
45782,0.03,-0.00,1.00,0.42,0.36,0.39,-0.54,-1.71,186.56
45792,0.03,-0.00,1.00,0.42,0.27,0.48,-0.43,-1.66,186.56
45802,0.03,-0.01,1.00,0.41,0.24,0.47,-0.53,-1.71,186.57
45812,0.03,-0.01,1.00,0.31,0.25,0.26,-0.42,-1.67,186.56
45822,0.03,-0.01,1.00,0.30,0.44,0.22,-0.39,-1.76,186.56
45832,0.03,-0.01,1.00,0.25,0.48,0.32,-0.36,-1.87,186.57
45842,0.03,-0.01,1.00,0.41,0.46,0.12,-0.24,-1.91,186.56
45852,0.03,-0.01,1.00,0.39,0.50,0.10,-0.34,-1.84,186.56
45862,0.03,-0.01,1.00,0.36,0.63,0.24,-0.31,-1.94,186.57
45872,0.03,-0.01,1.00,0.29,0.48,0.52,-0.36,-1.83,186.59
45882,0.03,-0.01,1.00,0.36,0.52,0.39,-0.41,-1.93,186.59
45892,0.03,-0.01,1.00,0.32,0.43,0.23,-0.52,-1.93,186.59
45902,0.03,-0.01,1.00,0.23,0.40,0.13,-0.62,-1.87,186.59
45912,0.03,-0.01,1.00,0.17,0.47,0.27,-0.54,-1.79,186.59
45922,0.03,-0.01,1.00,0.20,0.56,0.16,-0.65,-1.80,186.59
45932,0.03,-0.01,1.00,0.15,0.39,0.18,-0.63,-1.69,186.60
45942,0.03,-0.01,0.99,0.24,0.60,0.39,-0.66,-1.78,186.61
45952,0.03,-0.01,0.99,0.19,0.48,0.36,-0.55,-1.83,186.61
45962,0.03,-0.01,0.99,0.27,0.41,0.21,-0.52,-1.94,186.60
45972,0.03,-0.01,0.99,0.23,0.57,0.26,-0.40,-1.91,186.60
45982,0.04,-0.01,0.99,0.26,0.65,0.08,-0.42,-2.01,186.60
45992,0.03,-0.01,1.00,0.24,0.56,-0.06,-0.53,-1.98,186.60
46002,0.03,-0.01,1.00,0.33,0.63,0.14,-0.50,-1.86,186.60
46012,0.03,-0.00,1.00,0.37,0.66,0.10,-0.39,-1.86,186.60
46022,0.03,-0.00,1.00,0.43,0.75,0.09,-0.30,-1.94,186.60
46032,0.04,-0.00,1.00,0.36,0.70,0.04,-0.29,-2.05,186.60
46042,0.04,-0.00,0.99,0.35,0.53,-0.03,-0.37,-1.97,186.60
46052,0.03,-0.00,0.99,0.22,0.60,-0.09,-0.27,-1.91,186.59
46062,0.04,-0.00,0.99,0.20,0.58,-0.15,-0.35,-1.99,186.59
46072,0.04,-0.00,0.99,0.27,0.56,-0.17,-0.32,-2.10,186.58
46082,0.04,-0.00,0.99,0.26,0.68,-0.13,-0.28,-2.19,186.58
46092,0.04,-0.00,0.99,0.27,0.71,-0.09,-0.34,-2.28,186.59
46102,0.04,-0.00,1.00,0.30,0.73,-0.08,-0.34,-2.16,186.59
46112,0.04,-0.01,1.00,0.24,0.69,-0.03,-0.44,-2.22,186.59
46122,0.04,-0.00,1.00,0.24,0.57,0.07,-0.33,-2.27,186.59
46132,0.04,-0.01,1.00,0.21,0.47,0.19,-0.38,-2.17,186.60
46142,0.04,-0.00,0.99,0.25,0.38,0.11,-0.26,-2.16,186.59
46152,0.04,-0.00,0.99,0.10,0.60,0.17,-0.37,-2.10,186.60
46162,0.03,-0.01,1.00,0.13,0.54,0.05,-0.41,-1.99,186.60
46172,0.03,-0.00,0.99,0.13,0.56,0.04,-0.30,-1.95,186.60
46182,0.03,-0.00,0.99,0.16,0.65,0.30,-0.37,-2.03,186.61
46192,0.03,-0.01,0.99,0.11,0.44,0.36,-0.38,-1.92,186.62
46202,0.03,-0.01,0.99,0.24,0.48,0.36,-0.33,-1.81,186.62
46212,0.03,-0.01,1.00,0.27,0.46,0.35,-0.43,-1.85,186.63
46222,0.04,-0.01,1.00,0.25,0.39,0.35,-0.32,-1.89,186.63
46232,0.04,-0.01,1.00,0.27,0.44,0.26,-0.38,-1.99,186.63
46242,0.04,-0.01,1.00,0.20,0.41,0.21,-0.30,-2.06,186.62
46252,0.03,-0.01,1.00,0.18,0.45,0.23,-0.25,-1.95,186.63
46262,0.03,-0.01,1.00,0.21,0.25,0.07,-0.33,-2.03,186.62
46272,0.03,-0.01,1.00,0.23,0.29,0.14,-0.42,-1.96,186.63
46282,0.03,-0.01,1.00,0.18,0.59,0.20,-0.36,-1.84,186.63
46292,0.03,-0.00,1.00,0.17,0.50,0.10,-0.27,-1.77,186.63
46302,0.03,-0.00,0.99,0.13,0.57,-0.07,-0.24,-1.87,186.62
46312,0.03,-0.00,0.99,0.13,0.58,-0.03,-0.16,-1.95,186.62
46322,0.03,-0.00,0.99,0.08,0.54,-0.01,-0.09,-2.03,186.62
46332,0.03,-0.00,0.99,0.14,0.43,-0.02,-0.19,-2.05,186.62
46342,0.03,-0.00,0.99,0.05,0.47,0.09,-0.23,-1.94,186.63
46352,0.03,-0.00,0.99,-0.01,0.62,0.17,-0.19,-2.03,186.63
46362,0.03,-0.00,0.99,-0.04,0.51,0.10,-0.24,-1.93,186.63
46372,0.03,-0.01,0.99,-0.02,0.47,0.17,-0.36,-1.92,186.64
46382,0.03,-0.01,0.99,0.18,0.51,0.18,-0.43,-1.99,186.64
46392,0.03,-0.01,0.99,0.17,0.44,0.19,-0.42,-2.10,186.64
46402,0.03,-0.01,1.00,0.24,0.19,0.28,-0.39,-2.00,186.65
46412,0.03,-0.01,0.99,0.30,0.30,0.30,-0.48,-2.04,186.66
46422,0.03,-0.01,1.00,0.30,0.32,0.18,-0.40,-1.96,186.65
46432,0.03,-0.01,1.00,0.38,0.55,0.21,-0.50,-1.97,186.66
46442,0.03,-0.01,1.00,0.27,0.46,0.15,-0.39,-1.97,186.65
46452,0.03,-0.01,1.00,0.24,0.36,0.15,-0.49,-1.92,186.66
46462,0.03,-0.01,1.00,0.35,0.49,0.23,-0.38,-1.96,186.66
46472,0.03,-0.01,0.99,0.21,0.42,0.38,-0.47,-1.88,186.67
46482,0.03,-0.01,1.00,0.27,0.29,0.24,-0.57,-1.85,186.67
46492,0.03,-0.01,1.00,0.29,0.58,0.39,-0.51,-1.93,186.68
46502,0.03,-0.01,1.00,0.23,0.42,0.26,-0.50,-1.82,186.68
46512,0.03,-0.01,1.00,0.21,0.44,0.09,-0.59,-1.74,186.67
46522,0.03,-0.01,1.00,0.14,0.38,0.19,-0.52,-1.65,186.68
46532,0.03,-0.01,1.00,0.12,0.17,-0.08,-0.64,-1.66,186.67
46542,0.03,-0.01,1.00,0.13,0.31,-0.10,-0.53,-1.70,186.67
46552,0.03,-0.01,1.00,0.18,0.59,-0.12,-0.45,-1.77,186.66
46562,0.03,-0.01,1.00,0.24,0.54,-0.01,-0.45,-1.65,186.67
46572,0.03,-0.01,1.00,0.26,0.43,0.03,-0.51,-1.75,186.67
46582,0.03,-0.01,1.00,0.27,0.35,-0.22,-0.41,-1.81,186.65
46592,0.03,-0.00,1.00,0.25,0.12,-0.09,-0.33,-1.90,186.66
46602,0.03,-0.01,1.00,0.25,0.19,-0.05,-0.44,-1.90,186.66
46612,0.03,-0.01,1.00,0.29,0.34,0.17,-0.49,-1.99,186.67
46622,0.03,-0.00,1.00,0.28,0.36,0.32,-0.38,-1.96,186.68
46632,0.04,-0.01,1.00,0.20,0.31,0.33,-0.43,-2.06,186.68
46642,0.04,-0.01,1.00,0.13,0.30,0.15,-0.43,-2.17,186.68
46652,0.04,-0.00,0.99,0.24,0.53,0.35,-0.31,-2.13,186.69
46662,0.04,-0.00,1.00,0.17,0.57,0.49,-0.40,-2.05,186.70
46672,0.04,-0.01,1.00,0.28,0.58,0.40,-0.49,-2.10,186.70
46682,0.04,-0.01,1.00,0.23,0.60,0.41,-0.59,-2.06,186.71
46692,0.03,-0.01,1.00,0.18,0.76,0.33,-0.69,-1.97,186.71
46702,0.03,-0.01,1.00,0.22,0.72,0.14,-0.69,-1.85,186.71
46712,0.03,-0.01,1.00,0.22,0.57,0.08,-0.57,-1.85,186.70
46722,0.03,-0.01,1.00,0.20,0.53,-0.01,-0.46,-1.81,186.70
46732,0.03,-0.01,1.00,0.32,0.72,0.20,-0.56,-1.83,186.71
46742,0.03,-0.01,1.00,0.29,0.65,0.15,-0.67,-1.78,186.71
46752,0.03,-0.01,1.00,0.34,0.63,0.07,-0.58,-1.69,186.71
46762,0.03,-0.01,1.00,0.30,0.71,0.09,-0.69,-1.69,186.71
46772,0.03,-0.01,1.00,0.22,0.80,0.15,-0.71,-1.56,186.72
46782,0.03,-0.01,1.00,0.26,0.77,0.32,-0.82,-1.55,186.73
46792,0.03,-0.01,1.00,0.16,0.78,0.02,-0.72,-1.59,186.71
46802,0.03,-0.01,0.99,0.27,0.66,-0.07,-0.71,-1.71,186.71
46812,0.03,-0.01,1.00,0.33,0.62,0.00,-0.60,-1.75,186.71
46822,0.03,-0.00,1.00,0.27,0.51,0.00,-0.48,-1.76,186.71
46832,0.03,-0.00,0.99,0.17,0.61,0.06,-0.38,-1.70,186.71
46842,0.03,-0.00,0.99,0.22,0.57,-0.01,-0.31,-1.79,186.70
46852,0.03,-0.00,0.99,0.32,0.69,0.06,-0.36,-1.87,186.71
46862,0.04,-0.00,0.99,0.30,0.55,-0.02,-0.30,-1.97,186.70
46872,0.04,-0.00,0.99,0.30,0.44,-0.09,-0.20,-2.03,186.69
46882,0.04,-0.00,0.99,0.34,0.40,-0.04,-0.09,-2.06,186.69
46892,0.03,-0.00,0.99,0.38,0.52,-0.03,-0.13,-1.95,186.69
46902,0.03,-0.00,1.00,0.44,0.69,0.21,-0.22,-1.88,186.71
46912,0.03,-0.01,0.99,0.31,0.47,0.19,-0.32,-1.94,186.71
46922,0.03,-0.01,0.99,0.32,0.56,0.40,-0.42,-1.88,186.73
46932,0.04,-0.01,0.99,0.42,0.57,0.27,-0.36,-1.98,186.72
46942,0.03,-0.00,0.99,0.36,0.59,0.23,-0.27,-1.91,186.72
46952,0.03,-0.01,0.99,0.37,0.78,0.32,-0.30,-1.78,186.73
46962,0.03,-0.01,0.99,0.41,0.72,0.29,-0.40,-1.79,186.73
46972,0.03,-0.01,0.99,0.42,0.86,0.41,-0.43,-1.89,186.74
46982,0.03,-0.00,0.99,0.38,0.82,0.28,-0.32,-1.92,186.74
46992,0.03,-0.00,0.99,0.28,0.72,0.17,-0.21,-1.90,186.73
47002,0.03,-0.00,0.99,0.20,0.93,0.35,-0.32,-1.92,186.75
47012,0.03,-0.01,0.99,0.12,0.79,0.20,-0.43,-1.97,186.75
47022,0.03,-0.01,0.99,0.10,0.69,0.14,-0.38,-2.07,186.74
47032,0.03,-0.00,0.99,0.21,0.81,0.21,-0.26,-2.05,186.74
47042,0.04,-0.00,0.99,0.27,0.65,0.28,-0.14,-2.09,186.75
47052,0.04,-0.00,1.00,0.36,0.62,0.37,-0.24,-2.03,186.76
47062,0.03,0.00,1.00,0.25,0.54,0.17,-0.17,-1.94,186.75
47072,0.03,-0.00,1.00,0.27,0.54,0.16,-0.26,-2.00,186.75
47082,0.03,-0.00,1.00,0.24,0.35,0.12,-0.28,-1.89,186.75
47092,0.03,-0.00,1.00,0.26,0.39,0.17,-0.36,-1.96,186.76
47102,0.03,-0.01,1.00,0.18,0.41,0.16,-0.40,-1.85,186.76
47112,0.03,-0.01,1.00,0.21,0.49,0.26,-0.51,-1.88,186.77
47122,0.03,-0.01,1.00,0.25,0.76,0.34,-0.42,-1.94,186.78
47132,0.03,-0.01,1.00,0.22,0.52,0.24,-0.43,-1.83,186.77
47142,0.03,-0.01,1.00,0.14,0.39,0.25,-0.55,-1.83,186.78
47152,0.03,-0.01,1.00,0.08,0.43,0.36,-0.45,-1.77,186.79
47162,0.03,-0.01,1.00,0.09,0.26,0.13,-0.41,-1.88,186.78
47172,0.03,-0.01,1.00,0.08,0.31,0.20,-0.40,-1.99,186.78
47182,0.03,-0.01,1.00,0.03,0.37,0.23,-0.29,-1.95,186.78
47192,0.04,-0.01,1.00,0.06,0.37,0.30,-0.39,-1.99,186.79
47202,0.03,-0.01,1.00,0.24,0.39,0.29,-0.48,-1.94,186.80
47212,0.03,-0.01,1.00,0.13,0.35,0.29,-0.51,-1.83,186.80
47222,0.03,-0.01,1.00,0.08,0.35,0.26,-0.63,-1.82,186.80
47232,0.03,-0.01,1.00,0.14,0.48,0.27,-0.56,-1.91,186.81
47242,0.03,-0.01,1.00,0.10,0.44,0.20,-0.68,-1.92,186.81
47252,0.03,-0.01,1.00,0.23,0.50,0.15,-0.56,-1.92,186.80
47262,0.03,-0.01,0.99,0.25,0.44,0.24,-0.44,-1.89,186.81
47272,0.03,-0.01,0.99,0.29,0.22,0.16,-0.38,-1.80,186.80
47282,0.04,-0.01,0.99,0.27,0.42,0.23,-0.41,-1.89,186.81
47292,0.04,-0.01,0.99,0.31,0.33,0.11,-0.46,-1.99,186.81
47302,0.04,-0.01,0.99,0.22,0.33,0.07,-0.36,-2.03,186.80
47312,0.04,-0.01,0.99,0.22,0.41,-0.04,-0.39,-2.13,186.80
47322,0.04,-0.01,0.99,0.25,0.49,-0.18,-0.38,-2.01,186.79
47332,0.04,-0.01,0.99,0.27,0.64,-0.23,-0.32,-2.10,186.78
47342,0.04,-0.00,0.99,0.27,0.53,-0.23,-0.21,-2.15,186.78
47352,0.04,-0.00,1.00,0.24,0.53,-0.41,-0.23,-2.03,186.77
47362,0.04,-0.00,0.99,0.32,0.47,-0.44,-0.17,-1.92,186.76
47372,0.04,-0.01,1.00,0.32,0.37,-0.26,-0.28,-1.94,186.77
47382,0.03,-0.01,1.00,0.32,0.33,-0.31,-0.21,-1.85,186.76
47392,0.04,-0.00,0.99,0.39,0.42,-0.12,-0.18,-1.95,186.77
47402,0.04,-0.01,0.99,0.32,0.31,-0.22,-0.28,-2.01,186.76
47412,0.04,-0.00,1.00,0.36,0.20,-0.29,-0.17,-2.04,186.75
47422,0.04,-0.00,1.00,0.41,0.35,-0.02,-0.13,-1.92,186.76
47432,0.03,-0.00,1.00,0.40,0.40,0.08,-0.02,-1.90,186.77
47442,0.03,-0.00,1.00,0.50,0.47,-0.01,-0.12,-1.89,186.77
47452,0.03,-0.01,1.00,0.39,0.51,-0.02,-0.23,-1.91,186.77
47462,0.04,-0.01,1.00,0.34,0.48,-0.20,-0.28,-2.01,186.76
47472,0.03,-0.01,1.00,0.27,0.46,-0.22,-0.35,-1.91,186.76
47482,0.03,-0.01,1.00,0.40,0.41,-0.20,-0.23,-1.88,186.76
47492,0.03,-0.01,1.00,0.39,0.65,0.17,-0.27,-1.97,186.77
47502,0.04,-0.01,1.00,0.42,0.71,0.32,-0.37,-2.01,186.79
47512,0.04,-0.01,1.01,0.39,0.62,0.14,-0.26,-2.05,186.78
47522,0.03,-0.00,1.00,0.31,0.63,0.18,-0.24,-1.93,186.78
47532,0.03,-0.01,1.00,0.26,0.48,-0.09,-0.34,-1.88,186.77
47542,0.03,-0.01,1.00,0.23,0.58,-0.02,-0.44,-1.91,186.78
47552,0.03,-0.01,1.00,0.26,0.52,-0.15,-0.32,-1.91,186.77
47562,0.03,-0.01,1.00,0.33,0.38,-0.07,-0.39,-1.82,186.77
47572,0.03,-0.00,1.00,0.31,0.37,-0.11,-0.29,-1.88,186.77
47582,0.03,-0.00,1.00,0.31,0.37,-0.10,-0.30,-1.99,186.77
47592,0.03,-0.01,1.00,0.25,0.29,-0.05,-0.42,-2.00,186.77
47602,0.04,-0.01,1.00,0.30,0.42,0.01,-0.45,-2.10,186.77
47612,0.04,-0.01,0.99,0.23,0.51,0.21,-0.55,-2.03,186.79
47622,0.04,-0.01,1.00,0.22,0.28,0.05,-0.64,-1.98,186.79
47632,0.03,-0.01,1.00,0.22,0.23,0.11,-0.74,-1.92,186.79
47642,0.03,-0.01,1.00,0.32,0.52,0.28,-0.62,-1.93,186.80
47652,0.03,-0.01,0.99,0.34,0.64,0.22,-0.59,-1.80,186.80
47662,0.03,-0.01,0.99,0.29,0.71,0.06,-0.54,-1.90,186.79
47672,0.04,-0.01,1.00,0.18,0.92,0.37,-0.63,-1.95,186.81
47682,0.03,-0.01,0.99,0.17,0.89,0.29,-0.52,-1.90,186.80
47692,0.03,-0.01,0.99,0.17,0.82,0.25,-0.41,-1.85,186.80
47702,0.04,-0.01,1.00,0.15,0.67,0.22,-0.39,-1.96,186.80
47712,0.03,-0.01,1.00,0.19,0.51,0.12,-0.35,-1.85,186.80
47722,0.04,-0.01,1.00,0.30,0.40,-0.02,-0.39,-1.96,186.79
47732,0.03,-0.01,1.00,0.35,0.47,0.37,-0.33,-1.86,186.81
47742,0.03,-0.01,1.00,0.35,0.46,0.18,-0.39,-1.76,186.81
47752,0.03,-0.01,1.00,0.33,0.46,0.30,-0.44,-1.86,186.82
47762,0.03,-0.01,1.00,0.27,0.32,0.13,-0.34,-1.80,186.81
47772,0.03,-0.01,1.00,0.38,0.49,0.36,-0.38,-1.89,186.82
47782,0.03,-0.01,1.00,0.47,0.59,0.52,-0.26,-1.84,186.83
47792,0.03,-0.00,1.00,0.34,0.49,0.36,-0.24,-1.73,186.83
47802,0.03,-0.00,1.00,0.31,0.48,0.48,-0.19,-1.83,186.83
47812,0.03,-0.00,1.00,0.29,0.46,0.45,-0.24,-1.92,186.84
47822,0.03,-0.01,1.00,0.27,0.48,0.36,-0.35,-1.88,186.84
47832,0.03,-0.01,1.00,0.29,0.36,0.16,-0.25,-1.82,186.83
47842,0.03,-0.01,1.00,0.27,0.31,0.05,-0.30,-1.72,186.83
47852,0.03,-0.01,1.00,0.20,0.37,0.15,-0.35,-1.61,186.84
47862,0.03,-0.01,0.99,0.17,0.30,0.03,-0.41,-1.71,186.84
47872,0.03,-0.01,0.99,0.14,0.35,-0.05,-0.32,-1.79,186.83
47882,0.04,-0.01,0.99,0.16,0.26,0.13,-0.33,-1.90,186.84
47892,0.03,-0.01,0.99,0.14,0.53,0.15,-0.29,-1.78,186.84
47902,0.03,-0.00,0.99,0.08,0.37,-0.05,-0.18,-1.78,186.83
47912,0.03,-0.00,0.99,-0.09,0.31,-0.15,-0.30,-1.82,186.83
47922,0.03,-0.01,0.99,-0.09,0.25,-0.17,-0.35,-1.72,186.82
47932,0.03,-0.01,0.99,0.04,0.31,-0.08,-0.38,-1.82,186.83
47942,0.03,-0.01,1.00,0.03,0.42,-0.01,-0.45,-1.72,186.83
47952,0.03,-0.01,1.00,0.08,0.32,-0.30,-0.36,-1.65,186.82
47962,0.03,-0.01,1.00,0.14,0.26,-0.30,-0.47,-1.64,186.82
47972,0.03,-0.01,1.00,0.20,0.34,-0.18,-0.47,-1.75,186.82
47982,0.03,-0.01,1.00,0.18,0.24,-0.25,-0.56,-1.83,186.82
47992,0.03,-0.01,1.00,0.16,0.35,-0.23,-0.63,-1.73,186.82
48002,0.03,-0.01,1.00,0.19,0.33,-0.10,-0.58,-1.62,186.82
48012,0.03,-0.01,1.00,0.21,0.05,-0.44,-0.57,-1.75,186.80
48022,0.03,-0.01,1.00,0.28,-0.01,-0.66,-0.52,-1.86,186.79
48032,0.03,-0.01,1.00,0.25,0.02,-0.49,-0.43,-1.93,186.78
48042,0.03,-0.01,0.99,0.21,0.05,-0.58,-0.35,-2.00,186.77
48052,0.03,-0.01,0.99,0.22,-0.04,-0.62,-0.42,-1.92,186.77
48062,0.03,-0.01,0.99,0.21,0.18,-0.50,-0.46,-1.80,186.77
48072,0.03,-0.01,0.99,0.23,0.11,-0.54,-0.47,-1.69,186.76
48082,0.03,-0.01,0.99,0.22,-0.19,-0.79,-0.36,-1.75,186.74
48092,0.03,-0.01,0.99,0.13,-0.26,-0.95,-0.27,-1.69,186.72
48102,0.03,-0.01,0.99,0.20,-0.20,-0.80,-0.21,-1.79,186.72
48112,0.03,-0.01,0.99,0.22,0.10,-0.65,-0.32,-1.81,186.72
48122,0.03,-0.01,0.99,0.25,0.03,-0.65,-0.41,-1.88,186.72
48132,0.03,-0.01,1.00,0.22,-0.09,-0.63,-0.45,-1.78,186.71
48142,0.03,-0.01,1.00,0.31,0.15,-0.41,-0.55,-1.73,186.72
48152,0.03,-0.01,1.00,0.36,0.22,-0.35,-0.44,-1.68,186.72
48162,0.03,-0.01,1.00,0.31,0.21,-0.40,-0.33,-1.72,186.71
48172,0.03,-0.01,1.00,0.30,0.19,-0.18,-0.34,-1.84,186.72
48182,0.03,-0.01,1.00,0.23,0.18,-0.12,-0.45,-1.87,186.72
48192,0.03,-0.01,1.00,0.24,0.27,-0.15,-0.56,-1.90,186.72
48202,0.03,-0.01,1.00,0.12,0.21,-0.15,-0.46,-1.83,186.72
48212,0.03,-0.01,1.00,0.11,0.27,-0.31,-0.46,-1.94,186.71
48222,0.03,-0.01,1.00,0.11,0.23,-0.10,-0.56,-1.89,186.72
48232,0.03,-0.01,1.00,0.21,0.21,0.01,-0.44,-1.93,186.72
48242,0.03,-0.00,1.00,0.17,0.32,-0.04,-0.37,-1.84,186.71
48252,0.03,-0.01,1.00,0.16,0.26,-0.27,-0.48,-1.81,186.70
48262,0.03,-0.01,1.00,0.26,0.22,-0.22,-0.55,-1.89,186.71
48272,0.03,-0.01,1.00,0.27,0.19,-0.31,-0.53,-1.78,186.70
48282,0.03,-0.01,1.00,0.28,0.17,-0.25,-0.64,-1.79,186.70
48292,0.03,-0.01,1.00,0.19,0.29,-0.28,-0.56,-1.86,186.70
48302,0.03,-0.01,1.00,0.12,0.24,-0.29,-0.60,-1.75,186.69
48312,0.03,-0.01,0.99,0.17,0.29,-0.35,-0.58,-1.63,186.69
48322,0.03,-0.01,0.99,0.21,0.42,-0.15,-0.60,-1.51,186.70
48332,0.03,-0.01,0.99,0.28,0.32,0.05,-0.51,-1.59,186.70
48342,0.03,-0.01,0.99,0.22,0.44,0.07,-0.55,-1.68,186.70
48352,0.03,-0.01,0.99,0.29,0.29,-0.13,-0.51,-1.79,186.69
48362,0.03,-0.01,1.00,0.32,0.29,-0.01,-0.59,-1.86,186.70
48372,0.03,-0.01,1.00,0.22,0.34,0.03,-0.65,-1.76,186.70
48382,0.03,-0.01,1.00,0.14,0.41,0.04,-0.55,-1.80,186.70
48392,0.03,-0.01,1.00,0.26,0.54,-0.03,-0.51,-1.90,186.70
48402,0.03,-0.01,1.00,0.30,0.48,0.05,-0.49,-1.78,186.70
48412,0.03,-0.01,1.00,0.34,0.43,-0.01,-0.38,-1.72,186.70
48422,0.03,-0.01,1.00,0.30,0.54,0.00,-0.32,-1.81,186.69
48432,0.03,-0.01,1.00,0.38,0.74,0.10,-0.24,-1.88,186.70
48442,0.04,-0.01,1.00,0.40,0.55,0.11,-0.23,-2.00,186.70
48452,0.03,-0.01,1.00,0.27,0.58,0.19,-0.24,-1.88,186.70
48462,0.03,-0.00,1.00,0.20,0.61,0.16,-0.19,-1.77,186.70
48472,0.03,-0.00,1.00,0.30,0.69,0.05,-0.23,-1.86,186.70
48482,0.03,-0.01,1.00,0.23,0.52,-0.08,-0.35,-1.85,186.70
48492,0.03,-0.01,1.00,0.17,0.65,0.02,-0.32,-1.95,186.70
48502,0.03,-0.01,0.99,0.22,0.74,0.03,-0.40,-1.86,186.70
48512,0.03,-0.01,0.99,0.39,0.68,0.06,-0.50,-1.84,186.71
48522,0.03,-0.01,1.00,0.39,0.50,0.02,-0.44,-1.94,186.71
48532,0.03,-0.01,1.00,0.27,0.34,-0.15,-0.33,-1.93,186.69
48542,0.03,-0.01,1.00,0.37,0.32,-0.12,-0.28,-1.82,186.69
48552,0.03,-0.00,0.99,0.31,0.22,-0.13,-0.20,-1.91,186.69
48562,0.03,-0.00,0.99,0.37,0.31,-0.05,-0.12,-2.00,186.69
48572,0.03,-0.00,0.99,0.32,0.22,-0.20,-0.21,-1.93,186.68
48582,0.03,-0.00,0.99,0.34,0.46,-0.12,-0.12,-1.84,186.68
48592,0.03,-0.00,0.99,0.36,0.44,-0.19,-0.08,-1.94,186.68
48602,0.03,-0.00,0.99,0.32,0.18,-0.28,0.04,-1.96,186.67
48612,0.03,-0.00,0.99,0.30,0.15,-0.11,-0.07,-1.93,186.68
48622,0.03,-0.00,1.00,0.26,0.29,-0.02,-0.15,-1.84,186.68
48632,0.03,-0.00,0.99,0.22,0.33,0.04,-0.25,-1.89,186.69
48642,0.03,-0.00,0.99,0.32,0.41,0.11,-0.22,-1.77,186.69
48652,0.03,-0.01,0.99,0.22,0.41,0.12,-0.33,-1.72,186.70
48662,0.03,-0.01,1.00,0.19,0.49,0.30,-0.39,-1.81,186.71
48672,0.03,-0.00,1.00,0.13,0.49,0.12,-0.29,-1.85,186.70
48682,0.03,-0.00,1.00,0.14,0.54,0.16,-0.33,-1.74,186.70
48692,0.03,-0.00,1.00,0.21,0.65,0.08,-0.21,-1.74,186.70
48702,0.03,-0.00,1.00,0.29,0.57,0.12,-0.23,-1.63,186.70
48712,0.03,-0.00,0.99,0.28,0.47,0.11,-0.15,-1.71,186.70
48722,0.03,-0.00,0.99,0.22,0.50,0.00,-0.12,-1.81,186.69
48732,0.03,-0.00,0.99,0.28,0.51,0.16,-0.22,-1.85,186.71
48742,0.03,-0.00,0.99,0.23,0.44,0.01,-0.11,-1.83,186.70
48752,0.03,-0.00,0.99,0.22,0.55,0.07,-0.21,-1.78,186.70
48762,0.03,-0.00,0.99,0.28,0.48,-0.01,-0.19,-1.89,186.70
48772,0.03,-0.01,0.99,0.22,0.45,0.01,-0.30,-1.89,186.70
48782,0.03,-0.01,0.99,0.19,0.42,0.08,-0.40,-1.94,186.71
48792,0.03,-0.01,0.99,0.10,0.35,0.03,-0.29,-1.94,186.70
48802,0.03,-0.01,0.99,0.08,0.39,0.02,-0.32,-1.82,186.70
48812,0.03,-0.00,0.99,0.15,0.45,-0.25,-0.20,-1.80,186.69
48822,0.03,-0.00,0.99,0.08,0.13,-0.37,-0.11,-1.88,186.68
48832,0.03,-0.00,0.99,0.13,0.22,-0.08,-0.19,-1.95,186.69
48842,0.03,-0.01,0.99,0.20,0.13,-0.40,-0.30,-1.93,186.68
48852,0.03,-0.01,0.99,0.22,0.07,-0.46,-0.37,-1.84,186.67
48862,0.03,-0.01,0.99,0.21,-0.03,-0.39,-0.26,-1.85,186.67
48872,0.03,-0.01,0.99,0.20,-0.05,-0.34,-0.37,-1.87,186.67
48882,0.03,-0.00,0.99,0.21,0.14,-0.26,-0.27,-1.93,186.67
48892,0.03,-0.01,0.99,0.21,0.25,-0.17,-0.37,-1.87,186.67
48902,0.03,-0.01,0.99,0.33,0.16,-0.04,-0.47,-1.89,186.68
48912,0.03,-0.01,0.99,0.39,0.07,-0.21,-0.47,-2.01,186.67
48922,0.03,-0.01,0.99,0.34,0.12,-0.02,-0.36,-2.00,186.68
48932,0.03,-0.00,1.00,0.15,0.14,-0.03,-0.27,-1.93,186.67
48942,0.04,-0.01,0.99,0.14,0.15,0.06,-0.30,-2.04,186.68
48952,0.04,-0.01,0.99,0.21,0.43,0.33,-0.40,-2.00,186.69
48962,0.03,-0.01,0.99,0.20,0.38,0.23,-0.36,-1.89,186.69
48972,0.03,-0.01,0.99,0.22,0.37,0.22,-0.30,-1.79,186.69
48982,0.03,-0.01,0.99,0.26,0.28,0.31,-0.41,-1.81,186.70
48992,0.03,-0.01,1.00,0.20,0.23,-0.05,-0.52,-1.82,186.69
49002,0.03,-0.01,0.99,0.21,0.23,-0.07,-0.44,-1.89,186.69
49012,0.03,-0.01,1.00,0.26,0.35,-0.14,-0.55,-1.89,186.69
49022,0.03,-0.01,1.00,0.31,0.37,-0.15,-0.44,-1.85,186.68
49032,0.03,-0.00,1.00,0.43,0.32,-0.18,-0.36,-1.95,186.68
49042,0.03,-0.01,1.00,0.44,0.42,-0.05,-0.42,-1.84,186.68
49052,0.03,-0.01,0.99,0.19,0.27,0.02,-0.42,-1.73,186.68
49062,0.03,-0.01,0.99,0.22,0.17,-0.01,-0.52,-1.79,186.69
49072,0.03,-0.01,0.99,0.33,0.32,0.15,-0.58,-1.87,186.70
49082,0.03,-0.01,1.00,0.29,0.29,0.10,-0.63,-1.77,186.70
49092,0.03,-0.01,1.00,0.35,0.28,0.12,-0.65,-1.66,186.70
49102,0.03,-0.01,0.99,0.48,0.52,0.25,-0.59,-1.74,186.71
49112,0.03,-0.01,0.99,0.41,0.48,0.05,-0.61,-1.85,186.70
49122,0.03,-0.01,0.99,0.36,0.47,0.10,-0.49,-1.84,186.70
49132,0.03,-0.01,0.99,0.28,0.52,0.17,-0.60,-1.79,186.71
49142,0.03,-0.01,0.99,0.22,0.51,0.09,-0.71,-1.81,186.71
49152,0.03,-0.01,0.99,0.17,0.37,0.04,-0.60,-1.77,186.70
49162,0.03,-0.01,0.99,0.10,0.36,-0.01,-0.49,-1.76,186.70
49172,0.03,-0.01,0.99,0.08,0.32,-0.02,-0.43,-1.85,186.69
49182,0.03,-0.00,0.99,0.05,0.47,0.23,-0.40,-1.73,186.71
49192,0.03,-0.00,0.99,0.04,0.35,0.05,-0.34,-1.63,186.70
49202,0.03,-0.00,1.00,0.18,0.44,0.22,-0.26,-1.71,186.70
49212,0.03,-0.00,1.00,0.20,0.35,0.10,-0.31,-1.81,186.70
49222,0.03,-0.00,0.99,0.21,0.62,0.16,-0.30,-1.91,186.71
49232,0.03,-0.00,0.99,0.14,0.78,0.23,-0.24,-1.80,186.71
49242,0.03,-0.00,1.00,0.15,0.49,0.05,-0.13,-1.76,186.70
49252,0.03,-0.01,1.00,0.12,0.37,-0.03,-0.24,-1.71,186.70
49262,0.03,-0.00,1.00,0.20,0.70,0.05,-0.19,-1.80,186.70
49272,0.03,-0.00,1.00,0.17,0.39,-0.12,-0.29,-1.87,186.70
49282,0.03,-0.01,1.00,0.07,0.35,-0.08,-0.41,-1.87,186.70
49292,0.03,-0.01,1.00,-0.06,0.43,0.01,-0.39,-1.75,186.70
49302,0.03,-0.01,1.00,0.03,0.52,0.18,-0.48,-1.69,186.71
49312,0.03,-0.01,0.99,0.19,0.89,0.51,-0.36,-1.68,186.73
49322,0.03,-0.01,1.00,0.25,0.84,0.54,-0.34,-1.79,186.74
49332,0.03,-0.01,1.00,0.36,0.66,0.36,-0.39,-1.89,186.73
49342,0.03,-0.01,0.99,0.35,0.38,0.31,-0.49,-1.85,186.74
49352,0.03,-0.01,0.99,0.50,0.50,0.37,-0.47,-1.73,186.74
49362,0.03,-0.01,0.99,0.46,0.39,0.25,-0.36,-1.70,186.74
49372,0.03,-0.01,0.99,0.43,0.46,0.37,-0.36,-1.80,186.75
49382,0.03,-0.01,0.99,0.37,0.44,0.39,-0.41,-1.90,186.75
49392,0.03,-0.01,0.99,0.34,0.29,0.17,-0.30,-1.96,186.74
49402,0.03,-0.01,1.00,0.29,0.39,0.29,-0.39,-1.87,186.75
49412,0.03,-0.00,1.00,0.29,0.39,0.37,-0.31,-1.78,186.76
49422,0.03,-0.01,1.00,0.28,0.22,0.28,-0.41,-1.73,186.76
49432,0.03,-0.01,1.00,0.24,0.34,0.25,-0.31,-1.67,186.76
49442,0.03,-0.01,1.00,0.29,0.51,0.18,-0.37,-1.75,186.76
49452,0.03,-0.01,1.00,0.29,0.70,0.23,-0.41,-1.63,186.76
49462,0.03,-0.01,1.00,0.26,0.36,-0.12,-0.35,-1.74,186.75
49472,0.03,-0.01,1.00,0.29,0.32,-0.23,-0.37,-1.85,186.74
49482,0.03,-0.01,0.99,0.33,0.27,-0.39,-0.47,-1.83,186.73
49492,0.03,-0.01,1.00,0.30,0.34,-0.23,-0.49,-1.94,186.74
49502,0.03,-0.01,1.00,0.25,0.27,-0.39,-0.53,-1.83,186.73
49512,0.03,-0.01,1.00,0.19,0.33,-0.39,-0.53,-1.94,186.73
49522,0.03,-0.01,1.00,0.16,0.26,-0.53,-0.43,-1.88,186.71
49532,0.03,-0.01,0.99,0.16,0.32,-0.41,-0.42,-1.99,186.71
49542,0.03,-0.01,0.99,0.17,0.43,-0.28,-0.35,-1.89,186.71
49552,0.03,-0.00,1.00,0.16,0.35,-0.26,-0.23,-1.86,186.71
49562,0.03,-0.00,1.00,0.24,0.40,-0.10,-0.26,-1.75,186.71
49572,0.03,-0.01,1.00,0.30,0.38,0.08,-0.36,-1.69,186.72
49582,0.03,-0.01,1.00,0.33,0.41,0.12,-0.42,-1.78,186.73
49592,0.03,-0.01,0.99,0.35,0.21,0.03,-0.48,-1.69,186.73
49602,0.03,-0.01,1.00,0.28,0.42,0.12,-0.39,-1.74,186.73
49612,0.03,-0.01,0.99,0.28,0.20,0.03,-0.29,-1.68,186.72
49622,0.03,-0.01,0.99,0.24,0.20,0.17,-0.27,-1.79,186.73
49632,0.03,-0.01,0.99,0.25,0.20,0.03,-0.26,-1.90,186.73
49642,0.03,-0.01,1.00,0.24,0.12,-0.20,-0.36,-1.84,186.72
49652,0.03,-0.01,1.00,0.39,-0.04,-0.33,-0.27,-1.93,186.71
49662,0.03,-0.01,1.00,0.39,0.00,-0.38,-0.27,-2.04,186.70
49672,0.04,-0.00,1.00,0.34,0.04,-0.16,-0.20,-2.13,186.71
49682,0.04,-0.00,1.00,0.39,0.18,-0.09,-0.08,-2.08,186.70
49692,0.03,-0.00,1.00,0.32,0.20,-0.18,-0.08,-1.96,186.70
49702,0.03,0.00,1.00,0.23,0.32,-0.20,0.03,-1.94,186.69
49712,0.03,-0.00,1.00,0.18,0.28,-0.14,-0.07,-1.88,186.70
49722,0.03,-0.01,1.00,0.28,0.30,-0.25,-0.18,-1.86,186.69
49732,0.03,-0.01,1.00,0.19,0.12,-0.44,-0.26,-1.94,186.68
49742,0.04,-0.01,1.00,0.16,0.08,-0.47,-0.36,-2.00,186.68
49752,0.03,-0.01,0.99,0.13,-0.02,-0.47,-0.41,-1.90,186.68
49762,0.03,-0.01,0.99,0.14,-0.08,-0.51,-0.29,-1.88,186.67
49772,0.03,-0.01,1.00,0.12,0.08,-0.36,-0.30,-1.76,186.67
49782,0.03,-0.01,1.00,0.12,0.06,-0.37,-0.39,-1.83,186.67
49792,0.03,-0.01,1.00,0.12,0.03,-0.58,-0.34,-1.93,186.65
49802,0.03,-0.01,1.00,0.15,0.18,-0.46,-0.42,-1.84,186.66
49812,0.03,-0.01,1.00,0.17,0.33,-0.37,-0.30,-1.79,186.65
49822,0.03,-0.00,1.00,0.08,0.28,-0.41,-0.21,-1.85,186.64
49832,0.03,-0.00,1.00,0.06,0.23,-0.39,-0.11,-1.91,186.64
49842,0.04,-0.01,1.00,0.12,0.47,-0.20,-0.20,-1.96,186.65
49852,0.04,-0.01,1.00,0.14,0.42,-0.23,-0.31,-1.94,186.65
49862,0.03,-0.01,1.00,0.20,0.41,0.01,-0.35,-1.83,186.66
49872,0.03,-0.01,1.00,0.23,0.49,-0.16,-0.45,-1.77,186.65
49882,0.03,-0.01,1.00,0.24,0.35,-0.16,-0.34,-1.82,186.65
49892,0.03,-0.01,1.00,0.14,0.23,-0.05,-0.24,-1.87,186.65
49902,0.03,-0.00,1.00,0.14,0.33,-0.08,-0.12,-1.88,186.64
49912,0.03,-0.00,1.00,0.12,0.24,-0.18,-0.01,-1.89,186.63
49922,0.03,-0.00,1.00,0.02,0.04,-0.38,0.08,-1.96,186.62
49932,0.03,-0.00,1.00,0.04,-0.07,-0.51,0.13,-2.07,186.60
49942,0.04,-0.00,1.00,0.03,0.05,-0.47,0.12,-2.18,186.60
49952,0.04,-0.00,1.00,0.05,0.01,-0.45,0.00,-2.16,186.60
49962,0.03,-0.00,1.00,0.07,0.18,-0.22,0.04,-2.05,186.61
49972,0.04,-0.00,1.00,0.04,0.12,-0.36,-0.06,-2.10,186.60
49982,0.04,0.00,1.00,0.13,0.17,-0.35,0.06,-2.07,186.60
49992,0.04,0.00,0.99,0.08,0.28,-0.26,0.17,-2.08,186.59
50002,0.03,-0.00,1.00,0.15,0.38,-0.11,0.09,-1.99,186.60
50012,0.04,-0.00,0.99,0.22,0.42,-0.16,0.04,-2.09,186.60
50022,0.04,-0.00,0.99,0.22,0.64,-0.03,-0.03,-1.98,186.61
50032,0.03,-0.00,0.99,0.20,0.57,-0.12,-0.14,-1.96,186.61
50042,0.04,-0.00,0.99,0.27,0.58,0.04,-0.10,-2.06,186.61
50052,0.03,-0.01,1.00,0.27,0.52,-0.06,-0.21,-2.03,186.61
50062,0.03,-0.01,1.00,0.26,0.33,0.07,-0.32,-2.01,186.62
50072,0.04,-0.01,1.00,0.32,0.26,-0.08,-0.27,-2.12,186.61
50082,0.04,-0.01,1.00,0.24,0.42,-0.03,-0.35,-2.19,186.62
50092,0.03,-0.01,1.00,0.21,0.47,-0.08,-0.38,-2.08,186.61
50102,0.03,-0.01,1.00,0.28,0.46,0.15,-0.37,-1.96,186.63
50112,0.03,-0.01,1.00,0.28,0.40,0.17,-0.48,-1.97,186.63
50122,0.03,-0.01,1.00,0.19,0.43,-0.07,-0.40,-1.88,186.62
50132,0.03,-0.01,1.00,0.19,0.54,-0.01,-0.29,-1.83,186.62
50142,0.03,-0.01,1.00,0.27,0.59,0.21,-0.25,-1.93,186.63
50152,0.04,-0.01,1.00,0.28,0.47,0.28,-0.34,-2.01,186.64
50162,0.04,-0.01,1.00,0.36,0.16,0.00,-0.44,-2.01,186.63
50172,0.03,-0.01,1.00,0.32,0.17,-0.26,-0.40,-1.90,186.61
50182,0.03,-0.01,1.00,0.31,0.30,-0.18,-0.29,-1.93,186.61
50192,0.04,-0.00,0.99,0.28,0.31,0.06,-0.19,-1.99,186.62
50202,0.04,-0.00,0.99,0.32,0.16,0.20,-0.30,-2.00,186.63
50212,0.04,-0.00,0.99,0.27,0.22,0.22,-0.19,-1.99,186.63
50222,0.04,-0.00,0.99,0.25,0.20,-0.03,-0.30,-2.03,186.62
50232,0.03,-0.00,1.00,0.21,0.17,-0.01,-0.25,-1.92,186.62
50242,0.04,-0.00,0.99,0.16,0.42,0.17,-0.18,-1.99,186.63
50252,0.03,-0.00,0.99,0.20,0.58,0.47,-0.24,-1.88,186.65
50262,0.03,-0.01,0.99,0.15,0.55,0.39,-0.36,-1.88,186.65
50272,0.03,-0.01,0.99,0.12,0.44,0.27,-0.46,-1.82,186.65
50282,0.03,-0.01,0.99,0.11,0.47,0.22,-0.54,-1.89,186.66
50292,0.03,-0.01,0.99,0.07,0.60,0.20,-0.44,-1.84,186.65
50302,0.03,-0.01,1.00,0.07,0.65,0.33,-0.33,-1.80,186.66
50312,0.03,-0.01,1.00,0.02,0.64,0.03,-0.23,-1.74,186.64
50322,0.03,-0.01,1.00,0.04,0.56,0.07,-0.32,-1.80,186.65
50332,0.03,-0.01,1.00,0.02,0.50,0.02,-0.43,-1.76,186.65
50342,0.03,-0.01,1.00,0.02,0.22,-0.16,-0.52,-1.70,186.64
50352,0.03,-0.01,1.00,0.05,0.25,-0.25,-0.41,-1.66,186.64
50362,0.03,-0.01,1.00,0.08,0.29,-0.19,-0.46,-1.76,186.64
50372,0.03,-0.01,1.00,0.15,0.39,-0.10,-0.34,-1.74,186.64
50382,0.03,-0.00,1.00,0.18,0.45,-0.11,-0.23,-1.77,186.63
50392,0.04,-0.01,1.00,0.24,0.49,-0.16,-0.30,-1.85,186.63
50402,0.04,-0.00,1.00,0.27,0.35,-0.30,-0.19,-1.89,186.62
50412,0.04,-0.00,0.99,0.22,0.24,-0.14,-0.28,-1.97,186.63
50422,0.04,-0.00,0.99,0.17,0.22,-0.19,-0.39,-1.93,186.63
50432,0.04,-0.01,0.99,0.19,0.30,-0.00,-0.38,-2.04,186.63
50442,0.04,-0.00,0.99,0.17,0.11,0.03,-0.27,-2.06,186.63
50452,0.04,-0.00,0.99,0.16,0.30,0.09,-0.32,-1.95,186.64
50462,0.03,-0.00,0.99,0.16,0.30,0.17,-0.21,-1.91,186.64
50472,0.03,-0.00,0.99,0.16,0.08,0.15,-0.20,-1.81,186.64
50482,0.03,-0.00,0.99,0.19,-0.04,0.17,-0.10,-1.87,186.64
50492,0.04,-0.00,1.00,0.17,0.31,0.39,-0.10,-1.97,186.65
50502,0.04,-0.01,1.00,0.10,0.13,0.23,-0.22,-1.98,186.65
50512,0.03,-0.01,1.00,0.14,0.35,0.32,-0.32,-1.91,186.66
50522,0.03,-0.01,0.99,0.10,0.51,0.59,-0.22,-1.96,186.67
50532,0.03,-0.00,0.99,0.02,0.59,0.50,-0.14,-1.88,186.67
50542,0.03,-0.00,0.99,0.07,0.66,0.45,-0.20,-1.97,186.68
50552,0.04,-0.00,1.00,0.03,0.48,0.47,-0.27,-2.06,186.68
50562,0.04,-0.00,0.99,0.06,0.30,0.35,-0.16,-2.09,186.68
50572,0.03,-0.00,0.99,0.02,0.34,0.38,-0.16,-1.97,186.68
50582,0.04,-0.01,1.00,0.02,0.29,0.07,-0.25,-2.04,186.68
50592,0.04,-0.01,0.99,0.04,0.25,0.12,-0.34,-1.97,186.68
50602,0.04,-0.01,1.00,0.10,0.51,0.20,-0.22,-1.98,186.68
50612,0.04,-0.01,1.00,0.06,0.44,0.30,-0.25,-2.09,186.69
50622,0.04,-0.01,1.00,0.12,0.45,0.23,-0.34,-2.01,186.69
50632,0.03,-0.01,1.00,0.17,0.42,0.06,-0.32,-1.90,186.69
50642,0.03,-0.00,0.99,0.20,0.33,-0.08,-0.20,-1.90,186.68
50652,0.03,-0.01,0.99,0.26,0.44,-0.06,-0.31,-1.87,186.68
50662,0.03,-0.01,0.99,0.24,0.39,-0.19,-0.21,-1.81,186.67
50672,0.03,-0.01,0.99,0.23,0.22,-0.34,-0.32,-1.77,186.66
50682,0.03,-0.01,1.00,0.20,0.02,-0.22,-0.35,-1.67,186.67
50692,0.03,-0.01,1.00,0.21,0.27,-0.03,-0.34,-1.77,186.67
50702,0.03,-0.01,1.00,0.12,0.49,0.11,-0.39,-1.66,186.68
50712,0.03,-0.01,0.99,0.07,0.26,-0.13,-0.37,-1.78,186.67
50722,0.03,-0.00,1.00,0.20,0.31,0.08,-0.29,-1.69,186.68
50732,0.03,-0.00,0.99,0.22,0.32,0.00,-0.17,-1.68,186.67
50742,0.03,-0.01,0.99,0.21,0.55,0.03,-0.28,-1.63,186.68
50752,0.03,-0.01,0.99,0.22,0.58,0.09,-0.38,-1.58,186.68
50762,0.03,-0.00,0.99,0.15,0.52,0.16,-0.34,-1.69,186.69
50772,0.03,-0.00,0.99,0.16,0.63,0.18,-0.30,-1.79,186.69
50782,0.03,-0.01,0.99,0.05,0.61,0.10,-0.42,-1.80,186.69
50792,0.03,-0.00,0.99,0.05,0.27,-0.09,-0.31,-1.84,186.68
50802,0.03,-0.01,0.99,0.08,0.13,-0.12,-0.42,-1.82,186.68
50812,0.03,-0.01,0.99,0.14,0.27,0.04,-0.48,-1.91,186.69
50822,0.03,-0.01,1.00,0.15,0.18,0.04,-0.49,-1.80,186.69
50832,0.03,-0.01,0.99,0.20,0.37,0.10,-0.60,-1.81,186.69
50842,0.03,-0.01,0.99,0.22,0.46,-0.06,-0.48,-1.82,186.68
50852,0.03,-0.01,1.00,0.19,0.35,0.09,-0.54,-1.92,186.69
50862,0.04,-0.01,1.00,0.24,0.25,0.13,-0.45,-2.00,186.69
50872,0.04,-0.01,1.00,0.29,0.20,0.03,-0.33,-1.97,186.69
50882,0.03,-0.00,1.00,0.25,0.41,0.15,-0.22,-1.96,186.69
50892,0.03,-0.00,1.00,0.16,0.19,0.19,-0.11,-1.96,186.69
50902,0.03,-0.00,1.00,0.04,0.16,-0.08,-0.18,-1.87,186.68
50912,0.03,-0.00,1.00,-0.01,0.30,-0.08,-0.22,-1.75,186.68
50922,0.03,-0.00,1.00,0.07,0.35,0.04,-0.30,-1.82,186.69
50932,0.03,-0.00,1.00,0.03,0.29,-0.01,-0.22,-1.90,186.68
50942,0.03,-0.01,1.00,0.10,0.31,0.10,-0.31,-1.83,186.69
50952,0.03,-0.01,1.00,0.11,0.41,0.21,-0.41,-1.88,186.70
50962,0.03,-0.01,1.00,0.20,0.48,0.36,-0.30,-1.92,186.71
50972,0.03,-0.01,1.00,0.16,0.52,0.42,-0.20,-1.97,186.71
50982,0.03,-0.01,1.00,0.17,0.48,0.28,-0.26,-1.87,186.71
50992,0.03,-0.01,1.00,0.14,0.74,0.45,-0.27,-1.96,186.72
51002,0.03,-0.01,1.00,0.14,0.77,0.44,-0.32,-1.85,186.73
51012,0.03,-0.01,1.00,0.10,0.51,0.37,-0.24,-1.94,186.72
51022,0.03,-0.00,1.00,0.15,0.59,0.40,-0.17,-1.83,186.73
51032,0.03,-0.01,1.00,0.13,0.63,0.35,-0.29,-1.84,186.73
51042,0.03,-0.01,1.00,0.21,0.71,0.33,-0.38,-1.77,186.74
51052,0.03,-0.01,1.00,0.20,0.61,0.19,-0.31,-1.67,186.73
51062,0.03,-0.01,1.00,0.22,0.59,0.10,-0.30,-1.78,186.73
51072,0.03,-0.01,1.00,0.25,0.73,0.17,-0.40,-1.72,186.74
51082,0.03,-0.01,1.00,0.25,0.72,0.26,-0.37,-1.82,186.74
51092,0.03,-0.01,1.00,0.21,0.51,0.04,-0.26,-1.88,186.73
51102,0.03,-0.01,1.00,0.23,0.52,0.04,-0.26,-1.99,186.73
51112,0.04,-0.01,1.00,0.23,0.39,-0.02,-0.29,-2.10,186.73
51122,0.03,-0.01,1.00,0.17,0.31,0.11,-0.38,-2.02,186.74
51132,0.04,-0.01,0.99,0.29,0.39,0.21,-0.37,-2.12,186.74
51142,0.04,-0.01,0.99,0.33,0.47,0.23,-0.44,-2.02,186.75
51152,0.04,-0.01,0.99,0.27,0.31,0.13,-0.36,-2.11,186.74
51162,0.04,-0.01,0.99,0.15,0.23,0.07,-0.29,-2.20,186.74
51172,0.04,-0.01,0.99,0.08,0.34,0.09,-0.39,-2.13,186.75
51182,0.04,-0.01,0.99,0.08,0.15,-0.06,-0.49,-2.18,186.74
51192,0.04,-0.01,0.99,-0.01,0.10,-0.15,-0.38,-2.14,186.73
51202,0.04,-0.01,0.99,-0.05,0.08,-0.31,-0.31,-2.06,186.72
51212,0.03,-0.01,0.99,-0.00,0.07,-0.27,-0.37,-1.96,186.72
51222,0.03,-0.01,0.99,0.08,-0.15,-0.22,-0.45,-1.90,186.72
51232,0.03,-0.01,0.99,0.19,0.03,-0.15,-0.35,-1.83,186.72
51242,0.03,-0.00,0.99,0.12,-0.00,-0.24,-0.25,-1.78,186.71
51252,0.03,-0.00,1.00,0.23,0.22,-0.05,-0.14,-1.73,186.72
51262,0.03,-0.00,0.99,0.19,0.21,0.01,-0.19,-1.83,186.72
51272,0.03,-0.00,1.00,0.20,0.32,0.07,-0.09,-1.90,186.72
51282,0.03,-0.00,1.00,0.21,0.40,0.09,-0.16,-1.98,186.73
51292,0.03,-0.00,1.00,0.11,0.47,0.15,-0.26,-1.92,186.73
51302,0.04,-0.01,1.00,0.22,0.59,0.14,-0.28,-2.02,186.73
51312,0.04,-0.01,0.99,0.18,0.46,-0.01,-0.39,-2.02,186.73
51322,0.04,-0.00,0.99,0.18,0.36,-0.13,-0.27,-2.01,186.72
51332,0.03,-0.01,1.00,0.19,0.33,-0.07,-0.37,-1.95,186.73
51342,0.04,-0.01,1.00,0.21,0.34,0.15,-0.46,-2.00,186.74
51352,0.03,-0.01,1.00,0.21,0.25,-0.11,-0.36,-1.96,186.73
51362,0.03,-0.01,0.99,0.23,0.24,0.05,-0.38,-2.07,186.73
51372,0.03,-0.01,0.99,0.21,0.38,0.00,-0.46,-1.98,186.73
51382,0.04,-0.01,0.99,0.12,0.31,0.07,-0.57,-2.03,186.74
51392,0.04,-0.01,1.00,0.11,0.22,-0.01,-0.67,-2.07,186.74
51402,0.03,-0.01,1.00,0.07,0.15,0.01,-0.57,-2.04,186.74
51412,0.03,-0.00,0.99,0.16,0.17,0.13,-0.45,-2.01,186.74
51422,0.03,-0.01,0.99,0.22,0.31,0.13,-0.56,-2.00,186.75
51432,0.03,-0.01,0.99,0.23,0.27,0.15,-0.63,-1.91,186.75
51442,0.03,-0.01,0.99,0.23,0.31,0.13,-0.56,-1.82,186.75
51452,0.03,-0.01,0.99,0.23,-0.02,-0.20,-0.66,-1.78,186.74
51462,0.03,-0.01,0.99,0.21,0.03,-0.13,-0.55,-1.75,186.74
51472,0.03,-0.01,1.00,0.21,0.14,-0.08,-0.61,-1.65,186.74
51482,0.03,-0.01,0.99,0.19,0.32,0.11,-0.73,-1.64,186.75
51492,0.03,-0.01,1.00,0.19,0.46,0.35,-0.75,-1.75,186.77
51502,0.04,-0.01,1.00,0.22,0.50,0.32,-0.66,-1.81,186.76
51512,0.04,-0.01,1.00,0.14,0.38,0.29,-0.55,-1.84,186.76
51522,0.03,-0.01,1.00,0.04,0.30,0.16,-0.63,-1.76,186.76
51532,0.03,-0.01,1.00,0.07,0.51,0.21,-0.54,-1.81,186.76
51542,0.03,-0.01,1.00,0.13,0.48,0.04,-0.59,-1.71,186.76
51552,0.03,-0.01,0.99,0.09,0.48,0.26,-0.51,-1.79,186.77
51562,0.03,-0.01,0.99,0.16,0.51,0.28,-0.41,-1.84,186.77
51572,0.03,-0.00,0.99,0.20,0.58,0.32,-0.29,-1.83,186.77
51582,0.03,-0.00,0.99,0.16,0.55,0.39,-0.19,-1.88,186.77
51592,0.04,-0.00,0.99,0.18,0.43,0.50,-0.13,-1.98,186.78
51602,0.03,-0.01,0.99,0.28,0.43,0.41,-0.23,-1.94,186.78
51612,0.03,-0.00,0.99,0.29,0.61,0.45,-0.14,-2.00,186.79
51622,0.03,-0.01,0.99,0.31,0.77,0.41,-0.24,-1.95,186.79
51632,0.03,-0.01,0.99,0.32,0.76,0.44,-0.29,-1.84,186.80
51642,0.03,-0.01,0.99,0.34,0.63,0.34,-0.31,-1.73,186.80
51652,0.03,-0.01,0.99,0.22,0.41,0.23,-0.43,-1.74,186.80
51662,0.03,-0.01,1.00,0.23,0.42,0.15,-0.34,-1.81,186.80
51672,0.03,-0.00,0.99,0.26,0.21,-0.14,-0.25,-1.89,186.78
51682,0.03,-0.00,0.99,0.29,0.70,0.27,-0.33,-1.78,186.80
51692,0.03,-0.01,1.00,0.33,0.78,0.25,-0.43,-1.79,186.81
51702,0.03,-0.01,0.99,0.26,0.82,0.17,-0.51,-1.69,186.81
51712,0.03,-0.01,1.00,0.19,0.64,0.18,-0.39,-1.70,186.81
51722,0.03,-0.01,1.00,0.27,0.59,0.33,-0.50,-1.72,186.82
51732,0.03,-0.01,1.00,0.18,0.36,0.42,-0.39,-1.71,186.82
51742,0.03,-0.01,1.00,0.30,0.20,0.17,-0.29,-1.65,186.81
51752,0.03,-0.01,0.99,0.32,0.26,0.27,-0.33,-1.74,186.82
51762,0.03,-0.01,0.99,0.33,0.42,0.30,-0.35,-1.85,186.83
51772,0.03,-0.01,0.99,0.37,0.33,0.20,-0.37,-1.73,186.82
51782,0.03,-0.01,0.99,0.46,0.27,0.20,-0.36,-1.62,186.83
51792,0.03,-0.01,0.99,0.45,0.30,0.18,-0.26,-1.67,186.82
51802,0.03,-0.00,0.99,0.38,0.34,0.35,-0.19,-1.76,186.83
51812,0.03,-0.00,0.99,0.32,0.38,0.31,-0.15,-1.86,186.83
51822,0.03,-0.01,0.99,0.21,0.38,0.17,-0.25,-1.92,186.83
51832,0.03,-0.01,0.99,0.06,0.11,0.00,-0.26,-1.82,186.83
51842,0.03,-0.00,0.99,0.01,0.32,-0.06,-0.21,-1.91,186.82
51852,0.04,-0.00,1.00,0.07,0.33,0.06,-0.25,-2.01,186.83
51862,0.03,-0.01,1.00,0.18,0.43,0.04,-0.27,-1.89,186.83
51872,0.03,-0.00,1.00,0.20,0.32,0.09,-0.16,-1.95,186.83
51882,0.03,-0.01,0.99,0.16,0.31,-0.04,-0.28,-1.97,186.83
51892,0.03,-0.00,0.99,0.24,0.51,0.07,-0.24,-1.84,186.83
51902,0.03,-0.01,0.99,0.20,0.59,0.05,-0.35,-1.80,186.83
51912,0.03,-0.01,0.99,0.24,0.66,0.06,-0.46,-1.79,186.84
51922,0.03,-0.01,1.00,0.25,0.55,0.06,-0.57,-1.81,186.84
51932,0.03,-0.01,1.00,0.30,0.44,0.19,-0.62,-1.91,186.85
51942,0.03,-0.01,1.00,0.31,0.18,-0.11,-0.55,-2.01,186.84
51952,0.04,-0.01,1.00,0.30,0.13,-0.10,-0.59,-2.12,186.84
51962,0.03,-0.01,1.00,0.40,0.50,-0.01,-0.53,-2.00,186.84
51972,0.03,-0.01,1.00,0.34,0.52,0.07,-0.41,-1.99,186.84
51982,0.03,-0.01,1.00,0.37,0.48,0.24,-0.52,-1.98,186.85
51992,0.03,-0.01,1.00,0.32,0.67,0.32,-0.62,-1.92,186.86
52002,0.03,-0.01,1.00,0.24,0.65,0.34,-0.52,-1.88,186.86
52012,0.03,-0.01,1.00,0.23,0.39,0.20,-0.52,-2.00,186.86
52022,0.03,-0.01,1.00,0.21,0.38,0.16,-0.57,-1.89,186.86
52032,0.03,-0.01,1.00,0.23,0.31,0.14,-0.45,-1.92,186.86
52042,0.04,-0.01,1.00,0.26,0.20,0.06,-0.36,-1.99,186.85
52052,0.03,-0.01,1.00,0.36,0.13,0.00,-0.44,-1.92,186.85
52062,0.03,-0.01,1.00,0.39,0.12,-0.07,-0.50,-1.82,186.85
52072,0.03,-0.01,1.00,0.46,0.12,0.00,-0.60,-1.87,186.86
52082,0.03,-0.01,1.00,0.31,0.09,-0.06,-0.63,-1.98,186.85
52092,0.03,-0.01,1.00,0.20,0.03,-0.12,-0.52,-1.99,186.85
52102,0.03,-0.01,1.00,-0.00,-0.08,-0.18,-0.43,-1.93,186.84
52112,0.03,-0.00,1.00,-0.01,0.11,-0.11,-0.32,-1.96,186.84
52122,0.04,-0.00,1.00,-0.04,0.36,0.06,-0.23,-2.01,186.84
52132,0.04,-0.00,1.00,-0.02,0.30,0.01,-0.31,-2.09,186.84
52142,0.04,-0.00,1.00,0.01,0.42,0.03,-0.36,-1.97,186.85
52152,0.04,-0.01,1.00,0.02,0.41,-0.06,-0.47,-1.96,186.85
52162,0.03,-0.01,1.00,-0.06,0.57,-0.05,-0.37,-1.90,186.84
52172,0.03,-0.01,1.00,-0.03,0.53,-0.04,-0.44,-1.99,186.84
52182,0.04,-0.01,1.00,0.01,0.61,0.10,-0.50,-2.08,186.85
52192,0.04,-0.01,1.00,0.11,0.82,0.38,-0.60,-2.00,186.87
52202,0.03,-0.01,0.99,0.19,0.48,0.15,-0.49,-1.96,186.86
52212,0.03,-0.01,0.99,0.09,0.61,0.11,-0.60,-1.99,186.86
52222,0.03,-0.01,0.99,0.12,0.50,0.14,-0.52,-1.91,186.86
52232,0.03,-0.01,0.99,0.11,0.56,0.22,-0.40,-1.93,186.86
52242,0.03,-0.01,0.99,0.09,0.49,0.33,-0.29,-1.92,186.87
52252,0.03,-0.01,0.99,0.10,0.35,0.26,-0.40,-1.94,186.87
52262,0.03,-0.01,0.99,0.10,0.24,0.16,-0.35,-2.05,186.87
52272,0.03,-0.01,0.99,0.12,0.38,0.17,-0.38,-1.93,186.87
52282,0.03,-0.01,0.99,0.13,0.35,0.11,-0.43,-1.82,186.87
52292,0.03,-0.01,0.99,0.13,0.40,0.18,-0.51,-1.73,186.88
52302,0.03,-0.01,0.99,0.26,0.50,0.23,-0.40,-1.78,186.88
52312,0.03,-0.01,1.00,0.16,0.37,0.05,-0.31,-1.85,186.87
52322,0.03,-0.01,0.99,0.26,0.23,-0.16,-0.31,-1.97,186.86
52332,0.03,-0.00,0.99,0.28,0.32,-0.31,-0.22,-1.89,186.85
52342,0.03,-0.00,0.99,0.31,0.35,-0.20,-0.10,-1.91,186.85
52352,0.03,-0.00,1.00,0.31,0.30,-0.24,-0.15,-2.01,186.84
52362,0.03,-0.00,0.99,0.22,0.41,-0.20,-0.14,-1.89,186.84
52372,0.03,-0.00,1.00,0.28,0.41,-0.17,-0.23,-1.82,186.85
52382,0.03,-0.01,1.00,0.25,0.29,-0.31,-0.34,-1.81,186.84
52392,0.03,-0.01,0.99,0.33,0.11,-0.48,-0.29,-1.71,186.83
52402,0.03,-0.01,1.00,0.16,0.20,-0.42,-0.34,-1.60,186.83
52412,0.03,-0.01,1.00,0.11,0.32,-0.21,-0.35,-1.70,186.83
52422,0.03,-0.01,1.00,0.09,-0.00,-0.11,-0.38,-1.61,186.84
52432,0.03,-0.01,1.00,0.06,0.18,-0.16,-0.34,-1.70,186.83
52442,0.03,-0.01,1.00,0.13,0.37,-0.03,-0.28,-1.79,186.84
52452,0.03,-0.01,1.00,0.17,0.45,0.00,-0.31,-1.68,186.84
52462,0.03,-0.01,1.00,0.27,0.48,0.13,-0.37,-1.57,186.85
52472,0.03,-0.01,1.00,0.35,0.63,-0.03,-0.47,-1.59,186.84
52482,0.03,-0.01,1.00,0.33,0.59,-0.08,-0.43,-1.48,186.84
52492,0.03,-0.01,1.00,0.34,0.64,0.13,-0.34,-1.54,186.85
52502,0.03,-0.01,1.00,0.34,0.65,0.26,-0.45,-1.53,186.86
52512,0.03,-0.01,1.00,0.32,0.92,0.44,-0.55,-1.56,186.87
52522,0.03,-0.01,1.00,0.23,0.62,0.32,-0.54,-1.45,186.87
52532,0.03,-0.01,1.00,0.19,0.66,0.30,-0.53,-1.55,186.87
52542,0.03,-0.01,1.00,0.16,0.76,0.45,-0.48,-1.65,186.88
52552,0.03,-0.01,1.00,0.12,0.50,0.33,-0.39,-1.72,186.88
52562,0.03,-0.01,1.00,0.11,0.72,0.35,-0.47,-1.62,186.88
52572,0.03,-0.01,0.99,0.17,0.70,0.33,-0.37,-1.67,186.88
52582,0.03,-0.01,0.99,0.17,0.59,0.25,-0.46,-1.61,186.89
52592,0.03,-0.00,0.99,0.19,0.55,0.15,-0.36,-1.67,186.88
52602,0.03,-0.01,0.99,0.17,0.46,0.07,-0.34,-1.56,186.88
52612,0.03,-0.00,0.99,0.25,0.27,-0.08,-0.30,-1.67,186.87
52622,0.03,-0.00,0.99,0.25,0.13,-0.10,-0.28,-1.78,186.87
52632,0.03,-0.00,0.99,0.27,0.23,0.26,-0.30,-1.67,186.88
52642,0.03,-0.00,0.99,0.29,0.27,0.30,-0.34,-1.77,186.89
52652,0.03,-0.01,0.99,0.26,0.32,0.27,-0.38,-1.65,186.89
52662,0.03,-0.01,0.99,0.30,0.31,0.13,-0.37,-1.77,186.89
52672,0.03,-0.00,0.99,0.28,0.41,0.29,-0.25,-1.77,186.89
52682,0.03,-0.00,0.99,0.22,0.47,0.40,-0.36,-1.79,186.91
52692,0.03,-0.00,0.99,0.26,0.34,0.20,-0.47,-1.84,186.90
52702,0.03,-0.00,0.99,0.28,0.50,0.18,-0.43,-1.94,186.90
52712,0.04,-0.00,0.99,0.15,0.62,0.18,-0.39,-2.03,186.90
52722,0.04,-0.01,0.99,0.27,0.64,0.33,-0.44,-1.92,186.91
52732,0.03,-0.00,0.99,0.30,0.67,0.17,-0.32,-1.87,186.91
52742,0.03,-0.00,0.99,0.35,0.58,-0.01,-0.36,-1.77,186.90
52752,0.03,-0.00,0.99,0.31,0.64,0.33,-0.43,-1.85,186.92
52762,0.03,-0.00,0.99,0.24,0.64,0.19,-0.31,-1.87,186.91
52772,0.03,-0.00,0.99,0.13,0.41,-0.03,-0.38,-1.97,186.90
52782,0.03,-0.01,0.99,0.23,0.56,0.27,-0.47,-1.91,186.92
52792,0.03,-0.01,0.99,0.27,0.58,0.42,-0.42,-2.01,186.93
52802,0.03,-0.01,1.00,0.18,0.37,0.40,-0.46,-1.90,186.94
52812,0.03,-0.01,1.00,0.28,0.31,0.21,-0.54,-1.98,186.93
52822,0.03,-0.01,1.00,0.14,0.36,0.08,-0.46,-2.05,186.93
52832,0.03,-0.01,0.99,0.13,0.28,0.16,-0.56,-2.11,186.93
52842,0.03,-0.01,0.99,0.20,0.35,0.14,-0.45,-2.05,186.93
52852,0.03,-0.01,1.00,0.25,0.37,0.02,-0.56,-2.06,186.93
52862,0.03,-0.01,1.00,0.20,0.43,0.07,-0.49,-1.96,186.93
52872,0.03,-0.01,1.00,0.21,0.37,0.17,-0.46,-1.85,186.94
52882,0.03,-0.01,0.99,0.18,0.27,0.15,-0.37,-1.93,186.93
52892,0.03,-0.00,1.00,0.19,0.15,0.14,-0.25,-1.94,186.93
52902,0.03,-0.01,0.99,0.18,0.37,0.19,-0.36,-1.96,186.94
52912,0.03,-0.01,0.99,0.24,0.39,0.36,-0.47,-1.97,186.95
52922,0.04,-0.01,0.99,0.18,0.36,0.32,-0.38,-2.04,186.95
52932,0.03,-0.01,1.00,0.33,0.29,0.16,-0.38,-1.93,186.95
52942,0.03,-0.01,0.99,0.31,0.35,0.16,-0.49,-1.91,186.95
52952,0.03,-0.01,1.00,0.37,0.28,0.23,-0.40,-1.84,186.95
52962,0.03,-0.01,0.99,0.33,0.26,0.29,-0.41,-1.72,186.96
52972,0.03,-0.01,1.00,0.18,-0.08,0.11,-0.48,-1.83,186.96
52982,0.03,-0.01,0.99,0.14,-0.15,-0.03,-0.59,-1.80,186.95
52992,0.03,-0.01,1.00,0.18,0.00,-0.01,-0.50,-1.86,186.95
53002,0.03,-0.01,1.00,0.20,0.06,-0.05,-0.50,-1.75,186.95
53012,0.03,-0.00,1.00,0.17,-0.10,-0.11,-0.40,-1.69,186.94
53022,0.03,-0.01,0.99,0.20,0.13,0.06,-0.49,-1.75,186.95
53032,0.03,-0.01,1.00,0.16,0.09,0.09,-0.38,-1.79,186.95
53042,0.03,-0.01,1.00,0.20,0.21,0.16,-0.37,-1.67,186.96
53052,0.03,-0.00,1.00,0.21,0.12,-0.21,-0.26,-1.71,186.94
53062,0.03,-0.00,0.99,0.24,0.07,-0.12,-0.20,-1.62,186.94
53072,0.03,-0.00,1.00,0.19,-0.10,-0.15,-0.21,-1.74,186.93
53082,0.03,-0.00,0.99,0.19,0.00,-0.07,-0.24,-1.63,186.94
53092,0.03,-0.00,0.99,0.29,0.16,-0.01,-0.32,-1.70,186.94
53102,0.03,-0.00,0.99,0.36,0.18,0.17,-0.25,-1.79,186.95
53112,0.03,-0.00,1.00,0.36,0.22,0.08,-0.15,-1.84,186.94
53122,0.03,-0.00,0.99,0.32,0.20,0.04,-0.11,-1.95,186.94
53132,0.03,-0.00,0.99,0.29,0.24,-0.03,-0.19,-1.87,186.94
53142,0.03,-0.00,1.00,0.34,0.33,-0.11,-0.29,-1.82,186.94
53152,0.03,-0.00,1.00,0.33,0.28,-0.18,-0.19,-1.88,186.93
53162,0.03,-0.01,1.00,0.17,0.13,-0.22,-0.31,-1.90,186.93
53172,0.03,-0.00,0.99,0.25,0.07,-0.24,-0.24,-1.80,186.93
53182,0.03,-0.00,0.99,0.22,0.30,0.05,-0.22,-1.90,186.94
53192,0.03,-0.00,0.99,0.16,0.19,-0.05,-0.19,-1.80,186.93
53202,0.03,-0.01,0.99,0.28,0.14,-0.12,-0.25,-1.71,186.93
53212,0.03,-0.01,0.99,0.23,0.06,-0.25,-0.36,-1.75,186.93
53222,0.03,-0.01,0.99,0.30,0.19,-0.03,-0.28,-1.83,186.93
53232,0.03,-0.01,0.99,0.27,0.23,-0.06,-0.39,-1.80,186.93
53242,0.03,-0.01,0.99,0.23,0.41,-0.06,-0.31,-1.88,186.93
53252,0.03,-0.01,0.99,0.30,0.40,-0.13,-0.39,-1.95,186.93
53262,0.03,-0.01,0.99,0.33,0.31,-0.27,-0.49,-1.89,186.93
53272,0.03,-0.01,0.99,0.36,0.44,-0.09,-0.54,-1.98,186.93
53282,0.03,-0.01,0.99,0.39,0.61,0.20,-0.52,-2.08,186.95
53292,0.03,-0.01,0.99,0.45,0.49,0.08,-0.39,-2.07,186.94
53302,0.03,-0.01,0.99,0.49,0.30,-0.04,-0.28,-2.10,186.93
53312,0.04,-0.01,0.99,0.50,0.32,-0.10,-0.35,-2.18,186.93
53322,0.04,-0.00,0.99,0.39,0.40,-0.09,-0.24,-2.17,186.92
53332,0.04,-0.00,0.99,0.34,0.37,-0.01,-0.25,-2.28,186.93
53342,0.04,-0.00,0.99,0.23,0.32,-0.02,-0.31,-2.18,186.93
53352,0.04,-0.01,0.99,0.22,0.44,0.15,-0.42,-2.15,186.94
53362,0.04,-0.01,0.99,0.25,0.46,0.03,-0.30,-2.11,186.93
53372,0.04,-0.01,0.99,0.30,0.32,-0.25,-0.41,-2.15,186.92
53382,0.03,-0.01,0.99,0.31,0.40,-0.27,-0.41,-2.02,186.92
53392,0.03,-0.01,0.99,0.32,0.44,-0.25,-0.38,-1.91,186.92
53402,0.03,-0.01,0.99,0.30,0.31,-0.41,-0.40,-1.80,186.91
53412,0.03,-0.01,0.99,0.24,0.21,-0.29,-0.29,-1.82,186.91
53422,0.03,-0.01,0.99,0.21,0.33,-0.11,-0.17,-1.79,186.91
53432,0.03,-0.00,0.99,0.13,0.37,0.14,-0.09,-1.87,186.92
53442,0.03,-0.01,0.99,0.14,0.55,0.19,-0.20,-1.90,186.92
53452,0.03,-0.00,0.99,0.12,0.59,0.05,-0.12,-1.81,186.92
53462,0.03,-0.00,0.99,0.09,0.45,-0.13,-0.21,-1.88,186.91
53472,0.03,-0.01,0.99,0.15,0.71,-0.05,-0.30,-1.78,186.92
53482,0.03,-0.01,1.00,0.20,0.63,0.05,-0.38,-1.85,186.92
53492,0.03,-0.01,1.00,0.22,0.78,0.39,-0.30,-1.92,186.94
53502,0.04,-0.01,0.99,0.15,0.57,0.27,-0.23,-2.02,186.93
53512,0.03,-0.00,0.99,0.23,0.56,0.18,-0.22,-1.90,186.93
53522,0.03,-0.00,0.99,0.33,0.39,0.02,-0.10,-1.91,186.92
53532,0.04,-0.00,0.99,0.30,0.20,-0.17,-0.16,-2.01,186.92
53542,0.04,-0.01,0.99,0.27,0.16,-0.11,-0.28,-2.01,186.92
53552,0.04,-0.01,1.00,0.31,0.29,0.06,-0.17,-2.06,186.92
53562,0.04,-0.01,1.00,0.18,-0.00,0.16,-0.27,-2.01,186.93
53572,0.03,-0.01,0.99,0.14,0.21,0.30,-0.37,-1.95,186.95
53582,0.03,-0.01,0.99,0.09,0.25,0.24,-0.26,-1.95,186.94
53592,0.03,-0.01,0.99,0.12,0.43,0.39,-0.37,-1.97,186.95
53602,0.03,-0.01,0.99,0.14,0.68,0.42,-0.25,-1.94,186.96
53612,0.03,-0.01,0.99,0.14,0.59,0.16,-0.24,-2.05,186.95
53622,0.03,-0.00,0.99,0.10,0.47,0.18,-0.16,-1.97,186.95
53632,0.03,-0.01,1.00,0.07,0.27,0.06,-0.26,-2.02,186.95
53642,0.04,-0.00,0.99,0.12,0.16,0.01,-0.25,-2.14,186.94
53652,0.03,-0.00,0.99,0.17,0.29,-0.10,-0.23,-2.02,186.94
53662,0.04,-0.01,0.99,0.19,0.31,-0.20,-0.29,-2.10,186.93
53672,0.04,-0.01,1.00,0.11,0.18,-0.26,-0.18,-2.08,186.93
53682,0.04,-0.00,1.00,0.17,0.15,-0.18,-0.11,-2.18,186.92
53692,0.04,-0.00,1.00,0.15,0.20,-0.23,-0.01,-2.12,186.92
53702,0.03,-0.00,1.00,0.19,0.08,-0.13,-0.05,-2.02,186.92
53712,0.04,-0.00,1.00,0.21,0.26,0.02,-0.03,-2.13,186.93
53722,0.03,-0.00,0.99,0.33,0.34,-0.06,-0.12,-2.06,186.93
53732,0.04,-0.00,0.99,0.30,0.35,-0.18,-0.23,-2.08,186.92
53742,0.04,-0.00,1.00,0.25,0.57,-0.07,-0.12,-2.08,186.92
53752,0.03,-0.00,1.00,0.24,0.46,-0.09,-0.21,-2.01,186.92
53762,0.03,-0.01,0.99,0.31,0.43,0.04,-0.30,-1.95,186.93
53772,0.03,-0.01,1.00,0.36,0.44,-0.01,-0.41,-1.92,186.93
53782,0.03,-0.01,1.00,0.36,0.22,-0.18,-0.52,-1.93,186.93
53792,0.03,-0.01,1.00,0.34,0.39,-0.11,-0.45,-1.82,186.93
53802,0.03,-0.01,1.00,0.33,0.41,-0.10,-0.38,-1.73,186.93
53812,0.03,-0.01,0.99,0.35,0.60,0.17,-0.49,-1.69,186.94
53822,0.03,-0.01,1.00,0.30,0.49,0.16,-0.44,-1.80,186.94
53832,0.03,-0.00,0.99,0.22,0.23,-0.04,-0.33,-1.77,186.93
53842,0.03,-0.01,0.99,0.33,0.33,-0.12,-0.42,-1.82,186.93
53852,0.03,-0.01,1.00,0.24,0.45,-0.10,-0.46,-1.92,186.93
53862,0.03,-0.01,1.00,0.30,0.40,-0.02,-0.57,-1.88,186.94
53872,0.03,-0.01,1.00,0.34,0.52,0.08,-0.45,-1.88,186.94
53882,0.03,-0.01,1.00,0.35,0.21,-0.10,-0.50,-1.99,186.93
53892,0.03,-0.01,1.00,0.39,0.24,-0.11,-0.48,-1.87,186.93
53902,0.03,-0.01,0.99,0.42,0.34,-0.11,-0.36,-1.82,186.93
53912,0.03,-0.01,0.99,0.41,0.36,-0.10,-0.34,-1.71,186.92
53922,0.03,-0.01,0.99,0.46,0.36,-0.07,-0.44,-1.66,186.93
53932,0.03,-0.01,0.99,0.50,0.53,0.15,-0.44,-1.76,186.94
53942,0.03,-0.01,0.99,0.50,0.60,0.21,-0.52,-1.83,186.94
53952,0.03,-0.01,0.99,0.47,0.66,0.26,-0.44,-1.74,186.95
53962,0.03,-0.01,0.99,0.45,0.53,0.09,-0.33,-1.70,186.94
53972,0.03,-0.01,1.00,0.39,0.34,-0.11,-0.44,-1.72,186.93
53982,0.03,-0.01,1.00,0.22,0.21,-0.11,-0.36,-1.64,186.93
53992,0.03,-0.01,1.00,0.25,0.03,-0.16,-0.36,-1.76,186.92
54002,0.03,-0.01,1.00,0.21,-0.13,-0.19,-0.41,-1.67,186.92
54012,0.03,-0.01,0.99,0.22,-0.13,-0.20,-0.30,-1.72,186.92
54022,0.03,-0.01,0.99,0.29,0.20,0.01,-0.41,-1.72,186.93
54032,0.03,-0.01,1.00,0.30,0.26,0.32,-0.35,-1.81,186.94
54042,0.03,-0.01,1.00,0.28,0.40,0.25,-0.36,-1.69,186.94
54052,0.03,-0.01,1.00,0.31,0.60,0.26,-0.26,-1.73,186.94
54062,0.03,-0.01,1.00,0.37,0.86,0.62,-0.37,-1.73,186.97
54072,0.03,-0.01,1.00,0.31,0.81,0.44,-0.38,-1.61,186.97
54082,0.03,-0.00,1.00,0.29,0.81,0.41,-0.26,-1.62,186.96
54092,0.03,-0.01,1.00,0.33,0.89,0.30,-0.37,-1.62,186.97
54102,0.03,-0.00,0.99,0.32,0.76,0.38,-0.26,-1.57,186.97
54112,0.03,-0.00,0.99,0.37,0.71,0.50,-0.21,-1.67,186.98
54122,0.03,-0.00,0.99,0.38,0.83,0.52,-0.20,-1.54,186.98
54132,0.03,-0.00,1.00,0.22,0.64,0.40,-0.17,-1.65,186.98
54142,0.03,-0.00,1.00,0.20,0.71,0.31,-0.18,-1.76,186.98
54152,0.03,-0.00,1.00,0.28,0.63,0.25,-0.13,-1.86,186.98
54162,0.04,-0.00,1.00,0.13,0.49,0.17,-0.20,-1.95,186.98
54172,0.04,-0.00,1.00,0.13,0.62,0.53,-0.16,-2.04,187.00
54182,0.04,-0.01,0.99,0.21,0.56,0.38,-0.26,-2.01,187.00
54192,0.04,-0.01,0.99,0.32,0.50,0.30,-0.26,-2.12,187.00
54202,0.04,-0.01,0.99,0.30,0.63,0.31,-0.36,-2.04,187.01
54212,0.04,-0.01,0.99,0.40,0.67,0.32,-0.46,-1.99,187.02
54222,0.03,-0.01,1.00,0.38,0.74,0.21,-0.40,-1.88,187.01
54232,0.03,-0.01,1.00,0.48,0.71,0.30,-0.29,-1.83,187.02
54242,0.03,-0.01,1.00,0.42,0.70,0.24,-0.18,-1.88,187.01
54252,0.03,-0.01,1.00,0.38,0.76,0.46,-0.29,-1.83,187.03
54262,0.03,-0.01,1.00,0.40,0.74,0.32,-0.18,-1.86,187.02
54272,0.03,-0.01,1.00,0.32,0.80,0.15,-0.29,-1.89,187.02
54282,0.03,-0.01,0.99,0.30,0.55,0.15,-0.32,-2.00,187.02
54292,0.03,-0.01,1.00,0.22,0.50,0.04,-0.30,-2.11,187.02
54302,0.03,-0.01,1.00,0.13,0.61,0.24,-0.42,-2.08,187.03
54312,0.03,-0.01,1.00,0.08,0.61,0.28,-0.47,-1.97,187.04
54322,0.03,-0.01,1.00,0.08,0.62,0.18,-0.37,-2.02,187.03
54332,0.03,-0.01,1.00,0.12,0.45,0.37,-0.30,-1.93,187.04
54342,0.03,-0.01,1.00,0.10,0.43,0.24,-0.19,-1.95,187.04
54352,0.03,-0.01,1.00,0.14,0.51,0.15,-0.25,-1.85,187.04
54362,0.03,-0.01,0.99,0.18,0.44,0.03,-0.36,-1.83,187.04
54372,0.03,-0.01,0.99,0.17,0.44,0.17,-0.48,-1.81,187.05
54382,0.03,-0.01,0.99,0.24,0.41,0.20,-0.58,-1.79,187.05
54392,0.03,-0.01,1.00,0.22,0.39,0.32,-0.62,-1.90,187.06
54402,0.03,-0.01,1.00,0.25,0.54,0.08,-0.56,-1.99,187.05
54412,0.03,-0.01,1.00,0.19,0.48,0.16,-0.47,-1.92,187.05
54422,0.03,-0.01,1.00,0.18,0.44,-0.04,-0.55,-1.83,187.05
54432,0.03,-0.01,1.00,0.19,0.67,0.07,-0.53,-1.70,187.05
54442,0.03,-0.01,1.00,0.26,0.72,0.35,-0.43,-1.63,187.06
54452,0.03,-0.01,1.00,0.22,0.65,0.37,-0.53,-1.67,187.07
54462,0.03,-0.01,1.00,0.30,0.71,0.54,-0.64,-1.65,187.09
54472,0.03,-0.01,1.00,0.35,0.61,0.48,-0.71,-1.73,187.09
54482,0.03,-0.01,1.00,0.27,0.70,0.50,-0.69,-1.84,187.10
54492,0.03,-0.01,0.99,0.32,0.77,0.51,-0.67,-1.94,187.10
54502,0.04,-0.01,0.99,0.41,0.91,0.75,-0.73,-2.02,187.12
54512,0.03,-0.01,1.00,0.36,0.80,0.59,-0.76,-1.91,187.12
54522,0.03,-0.01,1.00,0.26,0.74,0.47,-0.65,-1.90,187.12
54532,0.03,-0.01,1.00,0.26,0.71,0.48,-0.54,-1.91,187.12
54542,0.03,-0.01,1.00,0.31,0.77,0.47,-0.48,-1.80,187.12
54552,0.03,-0.01,1.00,0.20,0.67,0.40,-0.60,-1.79,187.13
54562,0.03,-0.01,1.00,0.12,0.56,0.16,-0.51,-1.85,187.12
54572,0.03,-0.01,1.00,0.25,0.61,0.27,-0.49,-1.96,187.12
54582,0.03,-0.01,0.99,0.29,0.50,0.25,-0.41,-1.88,187.12
54592,0.03,-0.01,0.99,0.35,0.70,0.33,-0.48,-1.95,187.13
54602,0.03,-0.01,0.99,0.21,0.55,0.33,-0.42,-1.86,187.13
54612,0.03,-0.01,1.00,0.18,0.55,0.18,-0.46,-1.96,187.13
54622,0.04,-0.01,1.00,0.19,0.65,0.19,-0.41,-2.05,187.13
54632,0.03,-0.01,0.99,0.22,0.60,0.05,-0.36,-1.94,187.12
54642,0.04,-0.01,1.00,0.18,0.61,0.02,-0.41,-2.04,187.12
54652,0.03,-0.01,0.99,0.17,0.44,0.04,-0.39,-1.93,187.12
54662,0.03,-0.01,1.00,0.25,0.56,0.14,-0.42,-1.81,187.13
54672,0.03,-0.01,0.99,0.25,0.66,0.24,-0.35,-1.90,187.13
54682,0.04,-0.01,1.00,0.30,0.75,0.35,-0.39,-1.99,187.14
54692,0.04,-0.01,0.99,0.27,0.65,0.29,-0.49,-2.04,187.15
54702,0.04,-0.01,0.99,0.28,0.68,0.21,-0.41,-1.95,187.14
54712,0.03,-0.00,0.99,0.35,0.73,0.20,-0.29,-1.92,187.14
54722,0.03,-0.00,0.99,0.35,0.75,0.19,-0.19,-1.87,187.14
54732,0.03,-0.01,0.99,0.29,0.82,0.15,-0.30,-1.86,187.14
54742,0.03,-0.01,0.99,0.23,0.57,-0.04,-0.41,-1.90,187.14
54752,0.03,-0.00,0.99,0.20,0.46,-0.15,-0.30,-1.87,187.13
54762,0.03,-0.01,0.99,0.24,0.66,0.15,-0.40,-1.84,187.15
54772,0.03,-0.01,0.99,0.23,0.60,0.14,-0.29,-1.81,187.14
54782,0.03,-0.01,0.99,0.23,0.70,0.30,-0.37,-1.88,187.16
54792,0.03,-0.00,0.99,0.30,0.50,-0.13,-0.26,-1.83,187.13
54802,0.03,-0.00,0.99,0.30,0.44,-0.01,-0.30,-1.94,187.14
54812,0.03,-0.00,1.00,0.25,0.36,0.03,-0.20,-1.98,187.14
54822,0.03,-0.00,1.00,0.27,0.20,-0.08,-0.31,-2.00,187.14
54832,0.03,-0.00,1.00,0.32,0.33,-0.02,-0.24,-1.89,187.14
54842,0.03,-0.01,1.00,0.28,0.35,0.08,-0.32,-1.81,187.14
54852,0.03,-0.01,1.00,0.22,0.28,0.05,-0.28,-1.91,187.14
54862,0.03,-0.00,1.00,0.20,0.25,-0.04,-0.23,-1.81,187.14
54872,0.03,-0.00,1.00,0.14,0.55,0.16,-0.12,-1.81,187.14
54882,0.03,-0.00,1.00,0.15,0.49,0.10,-0.23,-1.81,187.15
54892,0.03,-0.00,1.00,0.09,0.49,0.21,-0.13,-1.86,187.15
54902,0.03,-0.00,1.00,0.12,0.37,0.14,-0.18,-1.76,187.15
54912,0.03,-0.00,0.99,0.14,0.38,-0.07,-0.29,-1.76,187.14
54922,0.03,-0.00,0.99,0.08,0.24,-0.02,-0.18,-1.76,187.14
54932,0.03,-0.01,0.99,0.19,0.18,-0.11,-0.25,-1.68,187.14
54942,0.03,-0.01,0.99,0.14,0.37,0.07,-0.36,-1.71,187.15
54952,0.03,-0.01,0.99,0.11,0.19,0.03,-0.37,-1.83,187.15
54962,0.03,-0.01,0.99,0.10,0.16,-0.06,-0.35,-1.94,187.14
54972,0.04,-0.00,0.99,0.09,0.11,-0.06,-0.27,-2.02,187.14
54982,0.03,-0.00,0.99,0.20,0.27,-0.04,-0.15,-1.99,187.14
54992,0.03,-0.00,0.99,0.33,0.04,-0.14,-0.25,-2.01,187.14
55002,0.03,-0.01,0.99,0.29,0.26,0.02,-0.36,-1.97,187.15
55012,0.03,-0.01,0.99,0.27,0.44,0.18,-0.48,-1.95,187.16
55022,0.04,-0.01,1.00,0.34,0.44,0.07,-0.49,-2.06,187.15
55032,0.04,-0.01,1.00,0.29,0.18,-0.03,-0.50,-1.95,187.15
55042,0.04,-0.01,1.00,0.27,0.33,0.06,-0.43,-1.85,187.15
55052,0.04,-0.00,0.99,0.23,0.30,-0.00,-0.34,-1.90,187.15
55062,0.04,-0.01,0.99,0.16,0.40,0.07,-0.44,-1.94,187.15
55072,0.03,-0.01,0.99,0.20,0.55,0.23,-0.48,-1.82,187.16
55082,0.04,-0.01,0.99,0.23,0.39,0.16,-0.45,-1.94,187.16
55092,0.04,-0.00,1.00,0.24,0.35,0.09,-0.34,-1.97,187.16
55102,0.03,-0.01,1.00,0.33,0.50,0.06,-0.41,-1.88,187.16
55112,0.03,-0.01,1.00,0.37,0.46,0.07,-0.52,-1.89,187.16
55122,0.03,-0.01,0.99,0.37,0.55,0.16,-0.51,-1.99,187.17
55132,0.03,-0.01,1.00,0.34,0.59,0.10,-0.46,-2.09,187.17
55142,0.03,-0.01,0.99,0.33,0.60,0.15,-0.47,-1.97,187.17
55152,0.03,-0.01,0.99,0.41,0.57,0.16,-0.35,-1.96,187.17
55162,0.03,-0.01,0.99,0.33,0.52,0.26,-0.35,-1.84,187.17
55172,0.03,-0.01,0.99,0.35,0.56,0.26,-0.24,-1.80,187.17
55182,0.03,-0.01,0.99,0.27,0.50,0.15,-0.25,-1.69,187.17
55192,0.03,-0.01,0.99,0.25,0.53,0.09,-0.33,-1.76,187.17
55202,0.03,-0.00,0.99,0.31,0.50,-0.12,-0.25,-1.67,187.16
55212,0.03,-0.00,0.99,0.36,0.52,-0.15,-0.24,-1.77,187.16
55222,0.03,-0.01,0.99,0.27,0.51,-0.01,-0.32,-1.69,187.16
55232,0.03,-0.01,0.99,0.26,0.64,-0.01,-0.43,-1.64,187.17
55242,0.03,-0.01,0.99,0.27,0.49,-0.16,-0.35,-1.73,187.16
55252,0.03,-0.01,0.99,0.13,0.26,-0.37,-0.47,-1.74,187.15
55262,0.03,-0.01,0.99,0.10,0.38,-0.14,-0.54,-1.63,187.16
55272,0.03,-0.01,0.99,0.08,0.42,-0.17,-0.49,-1.73,187.15
55282,0.03,-0.01,0.99,0.00,0.53,-0.00,-0.38,-1.73,187.16
55292,0.03,-0.00,0.99,0.06,0.34,0.04,-0.27,-1.77,187.16
55302,0.03,-0.01,1.00,0.16,0.41,0.19,-0.36,-1.72,187.17
55312,0.03,-0.01,0.99,0.08,0.51,0.25,-0.25,-1.69,187.17
55322,0.03,-0.01,1.00,0.09,0.57,0.14,-0.36,-1.71,187.17
55332,0.03,-0.01,0.99,0.16,0.50,0.09,-0.42,-1.81,187.17
55342,0.03,-0.01,0.99,0.30,0.57,0.17,-0.35,-1.89,187.17
55352,0.04,-0.01,1.00,0.31,0.37,0.03,-0.42,-1.98,187.17
55362,0.04,-0.01,0.99,0.21,0.09,-0.20,-0.51,-1.93,187.16
55372,0.03,-0.01,0.99,0.17,0.26,-0.06,-0.44,-1.83,187.16
55382,0.03,-0.01,0.99,0.15,0.40,0.06,-0.55,-1.85,187.17
55392,0.03,-0.01,0.99,0.13,0.39,0.22,-0.51,-1.74,187.18
55402,0.03,-0.01,0.99,0.08,0.36,0.21,-0.48,-1.85,187.18
55412,0.03,-0.01,0.99,0.15,0.34,0.38,-0.52,-1.74,187.19
55422,0.03,-0.01,0.99,0.12,0.36,0.35,-0.41,-1.75,187.19
55432,0.03,-0.00,0.99,0.12,0.44,0.26,-0.32,-1.81,187.19
55442,0.03,-0.01,0.99,0.10,0.59,0.34,-0.43,-1.79,187.20
55452,0.03,-0.01,0.99,0.22,0.81,0.52,-0.32,-1.82,187.21
55462,0.03,-0.00,1.00,0.17,0.91,0.42,-0.23,-1.88,187.21
55472,0.03,-0.00,1.00,0.17,0.76,0.08,-0.21,-1.99,187.19
55482,0.03,-0.01,0.99,0.17,0.74,0.09,-0.31,-1.93,187.20
55492,0.03,-0.01,1.00,0.17,0.67,0.04,-0.40,-1.86,187.20
55502,0.03,-0.01,1.00,0.20,0.74,0.18,-0.32,-1.76,187.20
55512,0.03,-0.00,0.99,0.22,1.02,0.36,-0.21,-1.76,187.21
55522,0.03,-0.00,1.00,0.26,0.80,0.23,-0.31,-1.81,187.21
55532,0.03,-0.00,1.00,0.23,0.89,0.41,-0.32,-1.91,187.22
55542,0.03,-0.01,1.00,0.27,0.86,0.40,-0.35,-1.79,187.23
55552,0.03,-0.01,1.00,0.23,0.81,0.51,-0.44,-1.71,187.24
55562,0.03,-0.00,1.00,0.17,0.50,0.10,-0.32,-1.72,187.22
55572,0.03,-0.01,0.99,0.22,0.28,-0.09,-0.32,-1.61,187.21
55582,0.02,-0.01,1.00,0.17,0.48,0.00,-0.33,-1.49,187.22
55592,0.03,-0.01,0.99,0.23,0.63,0.06,-0.38,-1.58,187.22
55602,0.03,-0.01,1.00,0.31,0.53,-0.12,-0.39,-1.69,187.21
55612,0.03,-0.01,1.00,0.38,0.47,-0.02,-0.47,-1.61,187.22
55622,0.03,-0.01,1.00,0.28,0.25,-0.07,-0.58,-1.66,187.22
55632,0.03,-0.01,1.00,0.21,0.12,-0.07,-0.48,-1.61,187.21
55642,0.03,-0.01,1.00,0.16,0.14,-0.08,-0.59,-1.61,187.22
55652,0.03,-0.01,1.00,0.27,0.55,0.07,-0.48,-1.62,187.22
55662,0.03,-0.01,1.00,0.34,0.65,0.11,-0.57,-1.56,187.23
55672,0.03,-0.01,1.00,0.34,0.65,0.05,-0.50,-1.64,187.22
55682,0.03,-0.01,1.00,0.24,0.78,0.12,-0.44,-1.73,187.22
55692,0.03,-0.01,1.00,0.13,0.56,-0.16,-0.33,-1.76,187.21
55702,0.03,-0.01,1.00,0.14,0.61,-0.04,-0.44,-1.72,187.22
55712,0.03,-0.01,1.00,0.22,0.43,0.00,-0.40,-1.83,187.22
55722,0.03,-0.01,1.00,0.15,0.28,-0.03,-0.51,-1.81,187.22
55732,0.03,-0.01,0.99,0.07,0.31,-0.03,-0.41,-1.75,187.21
55742,0.04,-0.00,1.00,-0.03,0.24,0.00,-0.37,-1.86,187.21
55752,0.04,-0.01,0.99,0.05,0.48,0.04,-0.38,-1.96,187.22
55762,0.04,-0.01,0.99,0.07,0.38,-0.04,-0.49,-1.98,187.22
55772,0.04,-0.01,0.99,0.19,0.22,0.13,-0.38,-1.96,187.22
55782,0.04,-0.00,0.99,0.20,0.29,0.23,-0.26,-1.96,187.22
55792,0.03,-0.01,1.00,0.12,0.19,0.05,-0.36,-1.90,187.22
55802,0.04,-0.01,0.99,0.13,0.19,0.05,-0.34,-2.01,187.22
55812,0.03,-0.01,0.99,0.19,0.07,0.01,-0.43,-1.94,187.22
55822,0.04,-0.01,1.00,0.17,0.03,0.10,-0.52,-2.01,187.23
55832,0.03,-0.01,1.00,0.19,-0.06,0.07,-0.53,-1.90,187.23
55842,0.03,-0.01,0.99,0.13,-0.22,-0.22,-0.63,-1.86,187.22
55852,0.03,-0.01,0.99,0.17,-0.13,-0.05,-0.57,-1.75,187.22
55862,0.03,-0.01,0.99,0.21,-0.10,0.01,-0.53,-1.86,187.23
55872,0.03,-0.01,1.00,0.19,0.05,-0.01,-0.42,-1.89,187.22
55882,0.03,-0.01,0.99,0.11,0.15,0.14,-0.54,-1.89,187.23
55892,0.03,-0.01,0.99,0.02,0.26,0.02,-0.62,-1.96,187.23
55902,0.03,-0.01,0.99,0.09,0.25,0.07,-0.50,-1.95,187.23
55912,0.03,-0.01,1.00,0.01,0.04,0.13,-0.39,-1.97,187.23
55922,0.04,-0.00,1.00,0.03,0.26,0.27,-0.28,-1.99,187.23
55932,0.03,-0.00,1.00,0.07,0.30,0.36,-0.29,-1.87,187.24
55942,0.03,-0.00,1.00,0.10,0.36,0.07,-0.21,-1.95,187.23
55952,0.03,-0.00,1.00,0.11,0.51,0.03,-0.30,-1.88,187.23
55962,0.03,-0.01,1.00,0.25,0.45,0.12,-0.39,-1.93,187.24
55972,0.03,-0.00,1.00,0.15,0.48,-0.11,-0.33,-1.83,187.22
55982,0.03,-0.00,0.99,0.23,0.68,0.16,-0.25,-1.73,187.23
55992,0.03,-0.00,1.00,0.27,0.83,0.27,-0.33,-1.79,187.24
56002,0.03,-0.00,0.99,0.33,0.64,0.27,-0.22,-1.83,187.24
56012,0.03,-0.01,0.99,0.27,0.68,0.25,-0.33,-1.81,187.25
56022,0.03,-0.01,0.99,0.28,0.41,0.31,-0.41,-1.74,187.26
56032,0.03,-0.01,0.99,0.25,0.64,0.30,-0.36,-1.83,187.26
56042,0.03,-0.01,0.99,0.20,0.61,0.14,-0.25,-1.86,187.25
56052,0.03,-0.01,0.99,0.24,0.53,0.19,-0.25,-1.97,187.25
56062,0.03,-0.01,0.99,0.26,0.60,0.20,-0.26,-2.08,187.26
56072,0.03,-0.01,0.99,0.22,0.50,0.13,-0.32,-1.98,187.26
56082,0.04,-0.01,0.99,0.34,0.55,0.05,-0.28,-2.08,187.25
56092,0.04,-0.00,0.99,0.36,0.34,-0.06,-0.17,-2.13,187.24
56102,0.03,-0.00,1.00,0.31,0.11,0.06,-0.23,-2.04,187.25
56112,0.03,-0.01,1.00,0.30,0.12,-0.05,-0.28,-1.94,187.25
56122,0.03,-0.01,1.00,0.34,0.23,0.08,-0.35,-1.85,187.26
56132,0.04,-0.00,1.00,0.34,0.13,0.15,-0.30,-1.95,187.26
56142,0.03,-0.01,1.00,0.29,0.29,0.16,-0.41,-1.94,187.27
56152,0.03,-0.00,1.00,0.17,0.37,0.13,-0.31,-1.97,187.26
56162,0.04,-0.00,1.00,0.15,0.30,0.06,-0.23,-2.05,187.26
56172,0.04,-0.00,1.00,0.19,0.43,0.05,-0.31,-1.97,187.26
56182,0.04,-0.00,1.00,0.25,0.43,0.08,-0.19,-1.97,187.26
56192,0.03,-0.00,1.00,0.20,0.35,-0.02,-0.21,-1.86,187.25
56202,0.04,-0.01,0.99,0.28,0.27,0.24,-0.26,-1.96,187.27
56212,0.03,-0.01,0.99,0.38,0.39,0.19,-0.32,-1.85,187.27
56222,0.03,-0.01,0.99,0.37,0.31,0.14,-0.39,-1.76,187.27
56232,0.03,-0.01,0.99,0.37,0.44,0.21,-0.33,-1.86,187.28
56242,0.03,-0.01,0.99,0.39,0.56,0.27,-0.34,-1.73,187.28
56252,0.03,-0.01,0.99,0.36,0.67,0.31,-0.43,-1.80,187.29
56262,0.03,-0.01,1.00,0.39,0.79,0.16,-0.36,-1.88,187.28
56272,0.03,-0.01,1.00,0.26,0.72,0.13,-0.25,-1.90,187.28
56282,0.03,-0.01,1.00,0.29,0.79,-0.01,-0.25,-1.78,187.27
56292,0.03,-0.01,1.00,0.39,0.62,0.04,-0.31,-1.69,187.28
56302,0.03,-0.00,1.00,0.36,0.55,-0.11,-0.20,-1.65,187.27
56312,0.03,-0.00,1.00,0.22,0.45,-0.26,-0.15,-1.75,187.26
56322,0.03,-0.00,1.00,0.19,0.40,-0.32,-0.13,-1.86,187.25
56332,0.03,-0.00,1.00,0.22,0.26,-0.62,-0.24,-1.87,187.24
56342,0.03,-0.00,1.00,0.29,0.44,-0.36,-0.19,-1.75,187.24
56352,0.03,-0.01,1.00,0.30,0.30,-0.24,-0.30,-1.75,187.25
56362,0.03,-0.01,1.00,0.22,0.41,-0.12,-0.41,-1.69,187.25
56372,0.03,-0.01,1.00,0.16,0.43,-0.01,-0.31,-1.63,187.26
56382,0.03,-0.00,1.00,0.24,0.26,0.00,-0.23,-1.55,187.25
56392,0.03,-0.01,1.00,0.34,0.34,-0.05,-0.30,-1.63,187.25
56402,0.03,-0.01,1.00,0.31,0.10,-0.15,-0.41,-1.66,187.25
56412,0.03,-0.01,1.00,0.31,0.40,0.19,-0.35,-1.75,187.27
56422,0.04,-0.01,1.00,0.22,0.35,0.14,-0.36,-1.86,187.26
56432,0.04,-0.01,1.00,0.14,0.37,0.09,-0.44,-1.94,187.27
56442,0.04,-0.00,1.00,0.11,0.43,0.13,-0.33,-1.91,187.27
56452,0.04,-0.00,1.00,0.13,0.60,0.04,-0.28,-2.01,187.26
56462,0.04,-0.00,1.00,0.13,0.52,-0.12,-0.25,-2.12,187.25
56472,0.03,-0.00,1.00,0.15,0.40,-0.28,-0.26,-2.00,187.24
56482,0.04,-0.01,1.00,0.28,0.53,-0.27,-0.36,-2.03,187.24
56492,0.03,-0.00,1.00,0.23,0.31,-0.31,-0.30,-1.94,187.24
56502,0.03,-0.01,1.00,0.30,0.46,-0.10,-0.38,-1.84,187.25
56512,0.03,-0.01,1.00,0.32,0.28,-0.30,-0.44,-1.76,187.24
56522,0.03,-0.01,1.00,0.27,0.14,-0.35,-0.45,-1.88,187.23
56532,0.03,-0.01,1.00,0.28,0.09,-0.33,-0.37,-1.97,187.23
56542,0.03,-0.01,1.00,0.21,0.09,-0.29,-0.37,-1.85,187.23
56552,0.04,-0.01,1.00,0.22,-0.01,-0.08,-0.47,-1.91,187.24
56562,0.03,-0.01,1.00,0.22,0.10,-0.08,-0.58,-1.87,187.24
56572,0.04,-0.01,1.00,0.28,0.18,0.02,-0.48,-1.94,187.24
56582,0.03,-0.01,1.00,0.38,0.05,0.01,-0.53,-1.84,187.24
56592,0.03,-0.01,1.00,0.35,0.15,-0.12,-0.56,-1.73,187.24
56602,0.03,-0.01,1.00,0.44,0.03,-0.31,-0.58,-1.84,187.23
56612,0.03,-0.01,1.00,0.45,0.05,-0.36,-0.55,-1.95,187.22
56622,0.04,-0.01,1.00,0.34,0.26,-0.30,-0.59,-2.04,187.22
56632,0.03,-0.01,1.00,0.22,0.35,-0.16,-0.64,-1.93,187.23
56642,0.03,-0.01,1.00,0.20,0.50,-0.19,-0.73,-2.00,187.23
56652,0.04,-0.01,1.00,0.14,0.32,-0.29,-0.70,-2.11,187.22
56662,0.03,-0.01,0.99,0.07,0.31,-0.16,-0.68,-2.00,187.22
56672,0.03,-0.01,0.99,0.18,0.24,-0.31,-0.58,-1.93,187.21
56682,0.03,-0.01,0.99,0.17,0.24,-0.26,-0.47,-1.90,187.21
56692,0.03,-0.01,0.99,0.09,0.34,-0.16,-0.37,-1.85,187.21
56702,0.03,-0.01,0.99,0.13,0.28,0.01,-0.28,-1.93,187.21
56712,0.03,-0.01,1.00,0.02,0.35,0.08,-0.20,-2.01,187.21
56722,0.04,-0.00,0.99,-0.05,0.16,-0.01,-0.13,-2.10,187.20
56732,0.04,-0.01,0.99,0.02,0.27,0.03,-0.24,-2.12,187.21
56742,0.03,-0.00,0.99,0.07,0.34,0.05,-0.22,-2.00,187.21
56752,0.04,-0.00,0.99,0.10,0.43,0.10,-0.13,-2.07,187.21
56762,0.03,-0.01,1.00,0.16,0.56,0.13,-0.23,-2.00,187.22
56772,0.03,-0.01,1.00,0.25,0.56,0.07,-0.34,-2.00,187.22
56782,0.03,-0.01,1.00,0.11,0.25,-0.13,-0.38,-1.90,187.21
56792,0.03,-0.01,1.00,0.16,0.35,-0.21,-0.48,-1.85,187.21
56802,0.03,-0.01,1.00,0.22,0.51,0.04,-0.43,-1.73,187.22
56812,0.03,-0.01,1.00,0.34,0.47,0.02,-0.31,-1.75,187.21
56822,0.03,-0.01,1.00,0.31,0.71,0.22,-0.41,-1.68,187.23
56832,0.03,-0.01,1.00,0.38,0.82,0.35,-0.32,-1.74,187.23
56842,0.03,-0.01,1.00,0.21,0.67,0.20,-0.23,-1.67,187.23
56852,0.03,-0.01,1.00,0.24,0.47,0.25,-0.25,-1.57,187.23
56862,0.02,-0.01,1.00,0.13,0.46,0.07,-0.35,-1.50,187.23
56872,0.03,-0.01,1.00,0.11,0.25,-0.07,-0.38,-1.62,187.22
56882,0.03,-0.01,1.00,0.21,0.46,0.15,-0.30,-1.52,187.23
56892,0.03,-0.01,1.00,0.24,0.33,0.12,-0.30,-1.64,187.23
56902,0.03,-0.01,1.00,0.19,0.25,0.15,-0.32,-1.75,187.23
56912,0.03,-0.00,1.00,0.16,0.22,0.17,-0.22,-1.69,187.23
56922,0.03,-0.01,1.00,0.25,0.42,0.19,-0.28,-1.77,187.24
56932,0.03,-0.01,1.00,0.23,0.38,0.09,-0.36,-1.69,187.24
56942,0.03,-0.00,1.00,0.23,0.40,0.18,-0.25,-1.65,187.24
56952,0.03,-0.01,0.99,0.22,0.45,0.43,-0.36,-1.66,187.26
56962,0.03,-0.01,1.00,0.10,0.30,0.22,-0.39,-1.78,187.25
56972,0.03,-0.01,1.00,0.17,0.27,0.12,-0.41,-1.66,187.25
56982,0.03,-0.01,1.00,0.21,0.29,0.08,-0.31,-1.73,187.25
56992,0.03,-0.01,0.99,0.25,0.62,0.16,-0.26,-1.61,187.25
57002,0.03,-0.01,0.99,0.16,0.43,-0.04,-0.33,-1.70,187.24
57012,0.03,-0.00,0.99,0.22,0.29,-0.08,-0.21,-1.67,187.24
57022,0.03,-0.01,0.99,0.16,0.30,-0.05,-0.32,-1.63,187.24
57032,0.03,-0.01,1.00,0.19,0.44,-0.03,-0.21,-1.66,187.24
57042,0.03,-0.01,0.99,0.24,0.29,-0.24,-0.23,-1.55,187.23
57052,0.03,-0.00,0.99,0.21,0.22,-0.18,-0.19,-1.66,187.23
57062,0.03,-0.01,0.99,0.23,0.02,-0.24,-0.29,-1.61,187.23
57072,0.03,-0.01,0.99,0.36,-0.01,-0.17,-0.20,-1.52,187.22
57082,0.03,-0.01,0.99,0.40,-0.06,-0.58,-0.30,-1.58,187.21
57092,0.03,-0.01,0.99,0.38,0.10,-0.31,-0.41,-1.60,187.22
57102,0.03,-0.01,0.99,0.44,0.07,-0.29,-0.43,-1.71,187.21
57112,0.03,-0.01,0.99,0.39,-0.07,-0.21,-0.54,-1.73,187.22
57122,0.03,-0.01,0.99,0.28,-0.01,-0.26,-0.43,-1.74,187.21
57132,0.03,-0.01,1.00,0.29,-0.03,-0.31,-0.31,-1.70,187.20
57142,0.03,-0.01,0.99,0.43,0.15,0.02,-0.42,-1.71,187.22
57152,0.03,-0.01,1.00,0.41,0.09,0.26,-0.45,-1.60,187.23
57162,0.03,-0.01,0.99,0.39,0.03,0.05,-0.55,-1.54,187.23
57172,0.03,-0.01,0.99,0.36,0.24,0.09,-0.48,-1.63,187.23
57182,0.03,-0.01,1.00,0.33,0.17,0.08,-0.40,-1.71,187.23
57192,0.03,-0.01,0.99,0.37,0.17,-0.07,-0.33,-1.80,187.22
57202,0.03,-0.00,0.99,0.41,0.36,0.03,-0.23,-1.86,187.22
57212,0.03,-0.00,1.00,0.34,0.37,0.04,-0.34,-1.89,187.22
57222,0.03,-0.01,1.00,0.43,0.27,-0.03,-0.43,-1.94,187.22
57232,0.04,-0.01,1.00,0.38,0.39,-0.10,-0.43,-2.05,187.22
57242,0.04,-0.01,1.00,0.40,0.46,0.01,-0.54,-2.06,187.23
57252,0.04,-0.01,1.00,0.28,0.35,0.08,-0.43,-2.06,187.23
57262,0.04,-0.01,1.00,0.24,0.27,0.00,-0.47,-1.95,187.23
57272,0.03,-0.01,1.00,0.27,0.49,0.22,-0.38,-1.86,187.23
57282,0.03,-0.01,1.00,0.21,0.52,0.13,-0.34,-1.96,187.23
57292,0.04,-0.01,1.00,0.23,0.64,0.20,-0.44,-1.99,187.24
57302,0.04,-0.01,1.00,0.31,0.69,0.15,-0.33,-1.94,187.23
57312,0.04,-0.01,1.00,0.34,0.74,0.34,-0.44,-1.91,187.25
57322,0.04,-0.01,0.99,0.27,0.64,0.42,-0.54,-1.95,187.26
57332,0.04,-0.01,0.99,0.33,0.46,0.30,-0.65,-1.92,187.26
57342,0.03,-0.01,1.00,0.29,0.42,0.47,-0.55,-1.86,187.27
57352,0.03,-0.01,1.00,0.29,0.53,0.39,-0.66,-1.83,187.27
57362,0.03,-0.01,1.00,0.25,0.56,0.46,-0.63,-1.93,187.28
57372,0.03,-0.01,1.00,0.25,0.18,0.11,-0.71,-1.86,187.27
57382,0.03,-0.01,1.00,0.22,0.23,-0.05,-0.69,-1.97,187.26
57392,0.03,-0.01,1.00,0.27,0.22,-0.05,-0.80,-1.97,187.27
57402,0.03,-0.01,1.00,0.21,0.25,-0.15,-0.70,-1.91,187.26
57412,0.03,-0.01,1.00,0.15,0.21,-0.08,-0.73,-1.80,187.26
57422,0.03,-0.01,1.00,0.18,0.29,0.18,-0.62,-1.83,187.27
57432,0.03,-0.01,1.00,0.17,0.11,0.22,-0.71,-1.90,187.28
57442,0.03,-0.01,1.00,0.21,0.15,0.31,-0.66,-1.79,187.28
57452,0.03,-0.01,0.99,0.10,0.24,0.36,-0.76,-1.84,187.29
57462,0.03,-0.01,0.99,0.08,0.13,0.09,-0.69,-1.76,187.28
57472,0.03,-0.01,1.00,0.11,0.25,-0.27,-0.63,-1.65,187.26
57482,0.03,-0.01,1.00,0.09,0.43,-0.08,-0.74,-1.69,187.27
57492,0.03,-0.01,1.00,0.20,0.33,-0.14,-0.63,-1.63,187.26
57502,0.03,-0.01,1.00,0.21,0.24,-0.07,-0.52,-1.67,187.26
57512,0.03,-0.00,1.00,0.27,0.23,0.09,-0.40,-1.66,187.26
57522,0.03,-0.00,1.00,0.23,0.22,-0.13,-0.35,-1.56,187.25
57532,0.03,-0.01,1.00,0.21,0.07,-0.13,-0.42,-1.65,187.25
57542,0.03,-0.01,1.00,0.20,-0.04,-0.25,-0.53,-1.66,187.25
57552,0.03,-0.01,1.00,0.05,-0.08,-0.33,-0.55,-1.77,187.24
57562,0.03,-0.01,1.00,0.03,-0.03,-0.22,-0.66,-1.81,187.25
57572,0.03,-0.01,1.00,0.16,0.06,-0.00,-0.55,-1.86,187.25
57582,0.03,-0.01,1.00,0.19,0.27,0.07,-0.59,-1.74,187.26
57592,0.03,-0.01,1.00,0.09,0.06,-0.05,-0.52,-1.65,187.25
57602,0.03,-0.01,1.00,0.12,0.02,-0.07,-0.55,-1.77,187.25
57612,0.03,-0.01,1.01,0.17,0.02,-0.27,-0.59,-1.87,187.24
57622,0.03,-0.01,1.00,0.15,0.21,-0.08,-0.64,-1.76,187.25
57632,0.03,-0.01,1.00,0.33,0.23,0.07,-0.74,-1.78,187.26
57642,0.03,-0.01,1.00,0.24,0.10,-0.14,-0.85,-1.84,187.25
57652,0.03,-0.01,1.00,0.24,0.04,-0.10,-0.77,-1.75,187.25
57662,0.03,-0.01,1.00,0.26,0.08,-0.13,-0.78,-1.86,187.25
57672,0.03,-0.01,1.00,0.24,0.11,-0.08,-0.77,-1.74,187.25
57682,0.03,-0.01,1.00,0.36,0.51,0.13,-0.68,-1.80,187.26
57692,0.03,-0.01,1.00,0.34,0.54,0.13,-0.59,-1.72,187.26
57702,0.03,-0.01,1.00,0.39,0.44,0.25,-0.60,-1.84,187.26
57712,0.03,-0.01,1.00,0.42,0.64,0.21,-0.50,-1.89,187.26
57722,0.03,-0.01,1.00,0.37,0.70,0.27,-0.52,-1.77,187.27
57732,0.03,-0.01,1.00,0.32,0.54,0.21,-0.42,-1.84,187.26
57742,0.03,-0.01,1.00,0.27,0.46,0.24,-0.33,-1.91,187.27
57752,0.03,-0.01,0.99,0.35,0.32,0.33,-0.44,-1.91,187.28
57762,0.03,-0.01,1.00,0.29,0.48,0.51,-0.54,-1.95,187.29
57772,0.04,-0.01,1.00,0.34,0.40,0.50,-0.51,-2.06,187.30
57782,0.03,-0.01,1.00,0.29,0.23,0.38,-0.48,-1.96,187.29
57792,0.03,-0.01,1.00,0.27,0.29,0.33,-0.49,-1.84,187.29
57802,0.03,-0.01,1.00,0.21,0.18,0.13,-0.42,-1.75,187.29
57812,0.03,-0.01,1.00,0.18,0.31,0.08,-0.53,-1.71,187.29
57822,0.03,-0.01,1.00,0.18,0.36,0.03,-0.56,-1.60,187.29
57832,0.03,-0.01,1.00,0.17,0.15,-0.16,-0.46,-1.56,187.27
57842,0.03,-0.01,1.00,0.06,0.20,-0.25,-0.47,-1.67,187.27
57852,0.03,-0.01,0.99,0.14,-0.03,-0.58,-0.40,-1.58,187.25
57862,0.03,-0.01,1.00,0.07,0.08,-0.40,-0.38,-1.69,187.25
57872,0.03,-0.00,0.99,0.09,0.05,-0.24,-0.32,-1.79,187.25
57882,0.03,-0.00,1.00,0.00,0.05,-0.43,-0.34,-1.90,187.24
57892,0.03,-0.00,1.00,-0.02,0.11,-0.26,-0.30,-2.00,187.24
57902,0.03,-0.00,0.99,-0.02,0.32,-0.12,-0.18,-2.00,187.24
57912,0.03,-0.01,0.99,-0.00,0.23,-0.00,-0.29,-1.96,187.25
57922,0.03,-0.01,1.00,-0.04,0.14,-0.04,-0.26,-2.07,187.25
57932,0.03,-0.00,0.99,-0.06,0.18,-0.02,-0.17,-2.01,187.25
57942,0.04,-0.00,1.00,-0.07,0.31,0.14,-0.24,-2.09,187.26
57952,0.03,-0.01,1.00,-0.07,0.24,0.08,-0.28,-1.99,187.26
57962,0.04,-0.01,1.00,-0.04,0.24,0.17,-0.30,-2.10,187.26
57972,0.04,-0.01,1.00,0.02,0.33,0.14,-0.42,-2.09,187.27
57982,0.04,-0.01,1.00,0.09,0.47,0.26,-0.49,-2.00,187.28
57992,0.03,-0.01,1.00,0.09,0.44,0.24,-0.39,-1.94,187.28
58002,0.03,-0.01,1.00,0.09,0.48,0.24,-0.29,-1.87,187.28
58012,0.03,-0.01,1.00,0.04,0.30,0.34,-0.23,-1.78,187.28
58022,0.03,-0.01,1.00,0.06,0.19,0.36,-0.29,-1.88,187.29
58032,0.03,-0.00,1.00,0.06,0.34,0.51,-0.17,-1.88,187.29
58042,0.04,-0.01,0.99,0.10,0.22,0.28,-0.27,-1.95,187.29
58052,0.04,-0.00,0.99,0.09,0.24,0.15,-0.24,-2.05,187.29
58062,0.03,-0.00,0.99,0.07,0.30,0.17,-0.18,-1.95,187.29
58072,0.04,-0.01,1.00,0.14,0.37,-0.06,-0.26,-2.02,187.28
58082,0.03,-0.00,1.00,0.18,0.30,-0.25,-0.19,-1.93,187.27
58092,0.03,-0.01,1.00,0.18,0.20,-0.34,-0.26,-1.85,187.26
58102,0.03,-0.00,1.00,0.20,0.16,-0.22,-0.15,-1.81,187.26
58112,0.03,-0.01,1.00,0.20,0.13,-0.27,-0.21,-1.72,187.26
58122,0.03,-0.00,1.00,0.26,0.06,-0.26,-0.12,-1.80,187.25
58132,0.03,-0.00,1.00,0.23,0.23,-0.11,-0.08,-1.68,187.26
58142,0.03,-0.00,0.99,0.21,0.33,-0.11,-0.04,-1.78,187.26
58152,0.03,-0.00,0.99,0.20,0.32,-0.12,-0.15,-1.79,187.26
58162,0.03,-0.00,0.99,0.25,0.41,0.07,-0.24,-1.85,187.27
58172,0.03,-0.01,0.99,0.21,0.40,0.07,-0.34,-1.89,187.27
58182,0.03,-0.01,1.00,0.14,0.43,0.17,-0.26,-1.97,187.28
58192,0.03,-0.00,1.00,0.07,0.32,0.01,-0.17,-2.03,187.27
58202,0.03,-0.00,1.00,0.04,0.51,0.09,-0.07,-1.96,187.27
58212,0.03,-0.00,1.00,0.20,0.38,0.03,0.00,-1.87,187.26
58222,0.03,-0.00,1.00,0.19,0.45,0.07,-0.02,-1.75,187.27
58232,0.03,-0.00,1.00,0.24,0.64,0.04,0.01,-1.84,187.26
58242,0.03,-0.00,1.00,0.25,0.48,0.03,-0.10,-1.89,187.27
58252,0.03,-0.00,1.00,0.27,0.41,-0.01,0.01,-1.94,187.26
58262,0.03,0.00,0.99,0.16,0.30,-0.07,0.12,-1.98,187.26
58272,0.03,0.00,0.99,0.04,0.39,0.08,0.18,-2.06,187.26
58282,0.04,0.00,0.99,-0.10,0.48,0.06,0.20,-2.17,187.26
58292,0.03,-0.00,1.00,-0.12,0.42,0.03,0.09,-2.11,187.26
58302,0.03,-0.01,0.99,-0.03,0.22,-0.20,0.04,-2.02,187.25
58312,0.03,-0.00,0.99,-0.09,0.42,-0.09,0.12,-1.94,187.25
58322,0.03,-0.00,0.99,0.04,0.32,-0.12,0.02,-1.95,187.26
58332,0.03,-0.01,0.99,0.09,0.29,-0.18,-0.08,-1.99,187.25
58342,0.03,-0.01,0.99,0.05,0.36,0.02,-0.20,-1.97,187.27
58352,0.04,-0.01,0.99,0.11,0.52,0.09,-0.17,-2.07,187.27
58362,0.04,-0.01,1.00,0.11,0.49,0.01,-0.28,-2.07,187.27
58372,0.04,-0.01,0.99,0.15,0.61,0.04,-0.17,-2.04,187.27
58382,0.03,-0.01,1.00,0.13,0.51,0.24,-0.20,-1.93,187.28
58392,0.03,-0.01,1.00,0.22,0.49,0.11,-0.21,-1.81,187.28
58402,0.03,-0.01,1.00,0.21,0.55,0.24,-0.25,-1.92,187.28
58412,0.03,-0.00,1.00,0.23,0.66,0.33,-0.19,-1.80,187.29
58422,0.03,-0.01,1.00,0.27,0.64,0.41,-0.27,-1.72,187.30
58432,0.03,-0.01,1.00,0.18,0.40,0.13,-0.21,-1.82,187.29
58442,0.03,-0.01,1.00,0.20,0.44,0.28,-0.31,-1.79,187.30
58452,0.03,-0.01,0.99,0.29,0.56,0.20,-0.31,-1.66,187.30
58462,0.03,-0.01,0.99,0.25,0.60,0.13,-0.35,-1.76,187.30
58472,0.03,-0.01,0.99,0.13,0.36,0.08,-0.34,-1.65,187.30
58482,0.03,-0.00,0.99,0.23,0.36,0.02,-0.24,-1.70,187.29
58492,0.03,-0.00,0.99,0.22,0.46,0.00,-0.29,-1.59,187.29
58502,0.03,-0.00,0.99,0.19,0.50,-0.04,-0.28,-1.70,187.29
58512,0.03,-0.00,0.99,0.21,0.56,-0.00,-0.16,-1.68,187.29
58522,0.03,-0.00,0.99,0.24,0.51,0.08,-0.24,-1.75,187.30
58532,0.03,-0.01,0.99,0.29,0.43,0.20,-0.34,-1.70,187.30
58542,0.03,-0.01,0.99,0.28,0.17,-0.15,-0.39,-1.81,187.29
58552,0.03,-0.01,1.00,0.31,0.42,0.08,-0.46,-1.88,187.30
58562,0.03,-0.01,1.00,0.37,0.30,0.16,-0.35,-1.90,187.30
58572,0.04,-0.00,0.99,0.28,0.08,0.04,-0.29,-2.01,187.30
58582,0.04,-0.00,0.99,0.34,0.20,0.07,-0.17,-2.01,187.30
58592,0.03,-0.00,0.99,0.36,0.22,0.08,-0.27,-1.94,187.30
58602,0.03,-0.00,0.99,0.37,0.20,0.20,-0.15,-1.94,187.30
58612,0.03,-0.01,0.99,0.34,0.34,0.09,-0.26,-1.91,187.30
58622,0.03,-0.01,0.99,0.31,0.29,0.15,-0.37,-1.89,187.31
58632,0.03,-0.01,1.00,0.35,0.24,0.06,-0.28,-1.80,187.31
58642,0.03,-0.01,1.00,0.34,0.18,0.03,-0.39,-1.83,187.31
58652,0.03,-0.01,1.00,0.27,0.18,-0.09,-0.35,-1.94,187.30
58662,0.03,-0.00,1.00,0.29,0.30,-0.13,-0.27,-2.01,187.30
58672,0.03,-0.00,1.00,0.29,0.43,0.09,-0.24,-1.89,187.30
58682,0.03,-0.01,1.00,0.31,0.52,0.14,-0.35,-1.91,187.31
58692,0.03,-0.01,1.00,0.31,0.72,0.35,-0.27,-1.98,187.32
58702,0.03,-0.01,0.99,0.34,0.80,0.38,-0.38,-1.97,187.33
58712,0.03,-0.01,0.99,0.26,0.64,0.25,-0.48,-1.91,187.33
58722,0.03,-0.01,0.99,0.26,0.49,0.01,-0.58,-1.86,187.32
58732,0.03,-0.01,0.99,0.29,0.40,0.13,-0.52,-1.96,187.33
58742,0.03,-0.01,0.99,0.40,0.44,0.15,-0.41,-1.89,187.33
58752,0.03,-0.01,0.99,0.36,0.44,0.13,-0.39,-2.00,187.33
58762,0.03,-0.01,1.00,0.41,0.34,0.22,-0.29,-1.93,187.33
58772,0.03,-0.01,0.99,0.35,0.33,0.26,-0.18,-1.93,187.33
58782,0.04,-0.01,0.99,0.31,0.43,0.40,-0.19,-2.03,187.34
58792,0.04,-0.01,1.00,0.31,0.38,0.39,-0.22,-1.92,187.35
58802,0.03,-0.00,1.00,0.29,-0.02,0.24,-0.14,-1.86,187.34
58812,0.03,-0.00,1.00,0.31,-0.04,0.07,-0.07,-1.77,187.33
58822,0.03,-0.00,1.00,0.20,0.06,-0.02,-0.18,-1.75,187.33
58832,0.03,-0.00,1.00,0.15,0.36,0.21,-0.21,-1.63,187.34
58842,0.03,-0.00,1.00,0.12,0.42,0.19,-0.17,-1.51,187.34
58852,0.03,-0.00,1.00,0.17,0.34,0.19,-0.23,-1.61,187.35
58862,0.03,-0.01,0.99,0.18,0.25,0.20,-0.32,-1.54,187.35
58872,0.03,-0.00,0.99,0.27,0.44,0.20,-0.27,-1.63,187.35
58882,0.03,-0.01,1.00,0.24,0.57,-0.01,-0.31,-1.51,187.34
58892,0.03,-0.00,1.00,0.20,0.51,0.07,-0.20,-1.51,187.35
58902,0.03,-0.01,1.00,0.20,0.52,-0.00,-0.28,-1.57,187.34
58912,0.03,-0.01,0.99,0.17,0.46,-0.06,-0.23,-1.67,187.34
58922,0.03,-0.01,0.99,0.19,0.39,0.11,-0.25,-1.78,187.35
58932,0.03,-0.00,0.99,0.19,0.30,0.01,-0.17,-1.70,187.34
58942,0.03,-0.00,0.99,0.12,0.62,0.10,-0.07,-1.74,187.34
58952,0.03,-0.00,0.99,0.22,0.70,0.10,-0.07,-1.85,187.35
58962,0.03,-0.01,1.00,0.23,0.58,0.09,-0.18,-1.85,187.35
58972,0.03,-0.01,0.99,0.24,0.50,0.07,-0.29,-1.84,187.35
58982,0.03,-0.01,1.00,0.27,0.43,0.13,-0.38,-1.77,187.36
58992,0.03,-0.01,1.00,0.26,0.41,0.13,-0.32,-1.86,187.36
59002,0.03,-0.01,1.00,0.22,0.42,0.13,-0.43,-1.89,187.36
59012,0.04,-0.01,0.99,0.24,0.44,0.05,-0.52,-1.95,187.36
59022,0.03,-0.01,0.99,0.31,0.53,0.09,-0.41,-1.88,187.36
59032,0.04,-0.01,0.99,0.34,0.57,0.37,-0.48,-1.97,187.38
59042,0.04,-0.01,0.99,0.18,0.52,0.20,-0.39,-1.89,187.37
59052,0.04,-0.01,0.99,0.18,0.64,0.17,-0.29,-1.93,187.37
59062,0.03,-0.01,0.99,0.16,0.69,0.21,-0.31,-1.81,187.37
59072,0.03,-0.01,0.99,0.14,0.61,0.37,-0.33,-1.92,187.39
59082,0.03,-0.01,0.99,0.12,0.41,0.34,-0.22,-1.94,187.38
59092,0.03,-0.01,0.99,0.25,0.47,0.28,-0.30,-2.01,187.39
59102,0.03,-0.01,0.99,0.22,0.55,0.26,-0.25,-1.90,187.39
59112,0.03,-0.00,0.99,0.14,0.46,0.10,-0.15,-1.84,187.38
59122,0.03,-0.01,0.99,0.16,0.15,0.01,-0.23,-1.77,187.38
59132,0.03,-0.00,0.99,0.14,0.21,-0.09,-0.22,-1.65,187.37
59142,0.03,-0.00,0.99,0.21,0.20,-0.33,-0.22,-1.76,187.36
59152,0.03,-0.01,0.99,0.16,0.01,-0.25,-0.29,-1.86,187.36
59162,0.03,-0.01,0.99,0.09,0.17,0.14,-0.28,-1.97,187.38
59172,0.03,-0.01,0.99,0.13,0.25,0.09,-0.35,-1.87,187.38
59182,0.03,-0.01,0.99,0.22,0.32,-0.02,-0.36,-1.75,187.38
59192,0.03,-0.01,0.99,0.17,0.17,-0.07,-0.25,-1.78,187.37
59202,0.03,-0.00,0.99,0.11,0.36,-0.11,-0.16,-1.84,187.36
59212,0.03,-0.00,1.00,0.10,0.61,0.15,-0.14,-1.94,187.38
59222,0.03,-0.00,0.99,0.23,0.72,0.28,-0.07,-2.02,187.38
59232,0.03,-0.00,1.00,0.27,0.65,0.32,-0.16,-1.94,187.39
59242,0.03,-0.00,1.00,0.13,0.77,0.36,-0.27,-1.90,187.40
59252,0.03,-0.01,1.00,0.10,0.60,0.19,-0.35,-1.82,187.40
59262,0.03,-0.01,1.00,-0.01,0.68,0.06,-0.30,-1.72,187.39
59272,0.03,-0.00,0.99,-0.02,0.53,-0.05,-0.23,-1.81,187.38
59282,0.03,-0.00,0.99,-0.01,0.48,0.12,-0.24,-1.92,187.39
59292,0.03,-0.00,0.99,-0.04,0.35,0.12,-0.21,-1.81,187.39
59302,0.03,-0.00,0.99,0.10,0.40,0.13,-0.09,-1.81,187.39
59312,0.03,-0.00,0.99,-0.01,0.35,0.30,-0.12,-1.92,187.40
59322,0.03,-0.00,0.99,0.01,0.40,0.39,-0.10,-1.80,187.41
59332,0.03,-0.00,1.00,0.08,0.36,0.19,-0.21,-1.78,187.40
59342,0.03,-0.01,0.99,0.14,0.20,0.28,-0.31,-1.84,187.41
59352,0.03,-0.01,1.00,0.13,0.45,0.35,-0.37,-1.74,187.42
59362,0.03,-0.01,1.00,0.27,0.48,0.24,-0.45,-1.65,187.42
59372,0.03,-0.00,1.00,0.40,0.48,0.15,-0.32,-1.67,187.42
59382,0.03,-0.01,0.99,0.34,0.39,0.12,-0.41,-1.74,187.42
59392,0.03,-0.01,0.99,0.26,0.44,0.14,-0.52,-1.76,187.42
59402,0.03,-0.01,0.99,0.26,0.56,0.24,-0.41,-1.78,187.43
59412,0.03,-0.01,0.99,0.24,0.43,-0.02,-0.41,-1.67,187.42
59422,0.03,-0.00,1.00,0.19,0.48,0.01,-0.30,-1.70,187.42
59432,0.03,-0.00,1.00,0.20,0.60,0.26,-0.32,-1.80,187.43
59442,0.03,-0.00,1.00,0.21,0.65,0.30,-0.43,-1.79,187.44
59452,0.03,-0.01,1.00,0.07,0.57,0.18,-0.55,-1.83,187.44
59462,0.03,-0.01,1.00,0.13,0.63,0.17,-0.49,-1.72,187.44
59472,0.03,-0.00,1.00,0.26,0.56,0.32,-0.39,-1.79,187.44
59482,0.03,-0.00,1.00,0.24,0.40,0.11,-0.51,-1.78,187.44
59492,0.03,-0.01,1.00,0.13,0.26,-0.22,-0.49,-1.90,187.42
59502,0.03,-0.01,1.00,0.15,0.21,-0.15,-0.60,-1.93,187.43
59512,0.03,-0.01,1.00,0.13,0.28,0.05,-0.70,-1.87,187.44
59522,0.04,-0.01,1.00,0.18,0.00,-0.06,-0.62,-1.97,187.43
59532,0.03,-0.01,1.00,0.19,0.14,-0.14,-0.52,-1.91,187.42
